dep;jour;n_dose1;n_cum_dose1
01;2021-01-06;1;1
01;2021-01-07;65;66
01;2021-01-08;159;225
01;2021-01-09;2;227
01;2021-01-11;134;361
01;2021-01-12;273;634
01;2021-01-13;416;1050
01;2021-01-14;465;1515
01;2021-01-15;388;1903
01;2021-01-16;197;2100
01;2021-01-17;125;2225
01;2021-01-18;337;2562
01;2021-01-19;950;3512
01;2021-01-20;1163;4675
01;2021-01-21;985;5660
01;2021-01-22;634;6294
01;2021-01-23;221;6515
01;2021-01-24;68;6583
01;2021-01-25;460;7043
01;2021-01-26;696;7739
01;2021-01-27;450;8189
02;2021-01-06;22;22
02;2021-01-07;260;282
02;2021-01-08;450;732
02;2021-01-09;72;804
02;2021-01-10;49;853
02;2021-01-11;244;1097
02;2021-01-12;346;1443
02;2021-01-13;437;1880
02;2021-01-14;594;2474
02;2021-01-15;619;3093
02;2021-01-16;326;3419
02;2021-01-17;60;3479
02;2021-01-18;801;4280
02;2021-01-19;936;5216
02;2021-01-20;1422;6638
02;2021-01-21;2499;9137
02;2021-01-22;1327;10464
02;2021-01-23;244;10708
02;2021-01-24;65;10773
02;2021-01-25;430;11203
02;2021-01-26;675;11878
02;2021-01-27;127;12005
03;2021-01-06;10;10
03;2021-01-07;60;70
03;2021-01-08;146;216
03;2021-01-09;112;328
03;2021-01-11;398;726
03;2021-01-12;609;1335
03;2021-01-13;644;1979
03;2021-01-14;830;2809
03;2021-01-15;293;3102
03;2021-01-16;277;3379
03;2021-01-17;42;3421
03;2021-01-18;861;4282
03;2021-01-19;1072;5354
03;2021-01-20;1254;6608
03;2021-01-21;1183;7791
03;2021-01-22;1051;8842
03;2021-01-23;464;9306
03;2021-01-25;185;9491
03;2021-01-26;679;10170
03;2021-01-27;677;10847
04;2021-01-05;4;4
04;2021-01-07;60;64
04;2021-01-08;87;151
04;2021-01-09;56;207
04;2021-01-11;45;252
04;2021-01-12;392;644
04;2021-01-13;231;875
04;2021-01-14;86;961
04;2021-01-15;141;1102
04;2021-01-16;103;1205
04;2021-01-17;8;1213
04;2021-01-18;231;1444
04;2021-01-19;459;1903
04;2021-01-20;563;2466
04;2021-01-21;601;3067
04;2021-01-22;619;3686
04;2021-01-23;109;3795
04;2021-01-25;238;4033
04;2021-01-26;644;4677
04;2021-01-27;472;5149
05;2021-01-06;20;20
05;2021-01-07;115;135
05;2021-01-08;126;261
05;2021-01-09;10;271
05;2021-01-11;36;307
05;2021-01-12;86;393
05;2021-01-13;103;496
05;2021-01-14;157;653
05;2021-01-15;88;741
05;2021-01-16;12;753
05;2021-01-18;196;949
05;2021-01-19;190;1139
05;2021-01-20;192;1331
05;2021-01-21;251;1582
05;2021-01-22;192;1774
05;2021-01-23;102;1876
05;2021-01-25;279;2155
05;2021-01-26;473;2628
05;2021-01-27;384;3012
06;2020-12-31;19;19
06;2021-01-04;115;134
06;2021-01-05;135;269
06;2021-01-06;155;424
06;2021-01-07;383;807
06;2021-01-08;303;1110
06;2021-01-09;90;1200
06;2021-01-10;1;1201
06;2021-01-11;496;1697
06;2021-01-12;1613;3310
06;2021-01-13;1148;4458
06;2021-01-14;1039;5497
06;2021-01-15;762;6259
06;2021-01-16;463;6722
06;2021-01-17;37;6759
06;2021-01-18;938;7697
06;2021-01-19;1292;8989
06;2021-01-20;1402;10391
06;2021-01-21;1389;11780
06;2021-01-22;1185;12965
06;2021-01-23;445;13410
06;2021-01-24;27;13437
06;2021-01-25;1028;14465
06;2021-01-26;1537;16002
06;2021-01-27;978;16980
07;2021-01-06;31;31
07;2021-01-07;81;112
07;2021-01-08;37;149
07;2021-01-09;16;165
07;2021-01-11;151;316
07;2021-01-12;296;612
07;2021-01-13;289;901
07;2021-01-14;330;1231
07;2021-01-15;163;1394
07;2021-01-16;17;1411
07;2021-01-17;2;1413
07;2021-01-18;308;1721
07;2021-01-19;613;2334
07;2021-01-20;477;2811
07;2021-01-21;335;3146
07;2021-01-22;157;3303
07;2021-01-23;56;3359
07;2021-01-25;80;3439
07;2021-01-26;401;3840
07;2021-01-27;471;4311
08;2021-01-07;157;157
08;2021-01-08;258;415
08;2021-01-09;113;528
08;2021-01-11;67;595
08;2021-01-12;126;721
08;2021-01-13;444;1165
08;2021-01-14;437;1602
08;2021-01-15;220;1822
08;2021-01-16;44;1866
08;2021-01-17;1;1867
08;2021-01-18;307;2174
08;2021-01-19;787;2961
08;2021-01-20;804;3765
08;2021-01-21;633;4398
08;2021-01-22;584;4982
08;2021-01-23;237;5219
08;2021-01-25;204;5423
08;2021-01-26;268;5691
08;2021-01-27;345;6036
09;2021-01-04;1;1
09;2021-01-06;2;3
09;2021-01-07;243;246
09;2021-01-08;180;426
09;2021-01-09;104;530
09;2021-01-10;59;589
09;2021-01-11;175;764
09;2021-01-12;299;1063
09;2021-01-13;195;1258
09;2021-01-14;432;1690
09;2021-01-15;221;1911
09;2021-01-16;193;2104
09;2021-01-17;123;2227
09;2021-01-18;230;2457
09;2021-01-19;252;2709
09;2021-01-20;316;3025
09;2021-01-21;330;3355
09;2021-01-22;328;3683
09;2021-01-23;236;3919
09;2021-01-24;83;4002
09;2021-01-25;202;4204
09;2021-01-26;533;4737
09;2021-01-27;385;5122
10;2021-01-07;63;63
10;2021-01-08;254;317
10;2021-01-11;114;431
10;2021-01-12;185;616
10;2021-01-13;313;929
10;2021-01-14;380;1309
10;2021-01-15;358;1667
10;2021-01-16;55;1722
10;2021-01-18;694;2416
10;2021-01-19;1136;3552
10;2021-01-20;1008;4560
10;2021-01-21;1075;5635
10;2021-01-22;816;6451
10;2021-01-23;308;6759
10;2021-01-25;443;7202
10;2021-01-26;486;7688
10;2021-01-27;454;8142
11;2021-01-05;93;93
11;2021-01-06;17;110
11;2021-01-07;109;219
11;2021-01-08;89;308
11;2021-01-09;76;384
11;2021-01-10;66;450
11;2021-01-11;135;585
11;2021-01-12;448;1033
11;2021-01-13;379;1412
11;2021-01-14;522;1934
11;2021-01-15;340;2274
11;2021-01-16;76;2350
11;2021-01-17;44;2394
11;2021-01-18;327;2721
11;2021-01-19;460;3181
11;2021-01-20;648;3829
11;2021-01-21;591;4420
11;2021-01-22;481;4901
11;2021-01-23;143;5044
11;2021-01-24;103;5147
11;2021-01-25;337;5484
11;2021-01-26;716;6200
11;2021-01-27;655;6855
12;2021-01-04;1;1
12;2021-01-06;13;14
12;2021-01-07;187;201
12;2021-01-08;49;250
12;2021-01-11;98;348
12;2021-01-12;317;665
12;2021-01-13;263;928
12;2021-01-14;552;1480
12;2021-01-15;352;1832
12;2021-01-16;129;1961
12;2021-01-18;402;2363
12;2021-01-19;582;2945
12;2021-01-20;819;3764
12;2021-01-21;710;4474
12;2021-01-22;766;5240
12;2021-01-23;380;5620
12;2021-01-25;423;6043
12;2021-01-26;545;6588
12;2021-01-27;1505;8093
13;2021-01-05;74;74
13;2021-01-06;113;187
13;2021-01-07;165;352
13;2021-01-08;161;513
13;2021-01-11;420;933
13;2021-01-12;703;1636
13;2021-01-13;987;2623
13;2021-01-14;1496;4119
13;2021-01-15;1355;5474
13;2021-01-16;377;5851
13;2021-01-17;24;5875
13;2021-01-18;2138;8013
13;2021-01-19;6634;14647
13;2021-01-20;4874;19521
13;2021-01-21;4847;24368
13;2021-01-22;3629;27997
13;2021-01-23;1318;29315
13;2021-01-24;477;29792
13;2021-01-25;2117;31909
13;2021-01-26;2760;34669
13;2021-01-27;2891;37560
14;2020-12-31;1;1
14;2021-01-05;10;11
14;2021-01-06;332;343
14;2021-01-07;361;704
14;2021-01-08;557;1261
14;2021-01-09;116;1377
14;2021-01-10;39;1416
14;2021-01-11;613;2029
14;2021-01-12;909;2938
14;2021-01-13;760;3698
14;2021-01-14;2565;6263
14;2021-01-15;1703;7966
14;2021-01-16;264;8230
14;2021-01-17;93;8323
14;2021-01-18;990;9313
14;2021-01-19;1080;10393
14;2021-01-20;1798;12191
14;2021-01-21;1685;13876
14;2021-01-22;1468;15344
14;2021-01-23;296;15640
14;2021-01-24;70;15710
14;2021-01-25;896;16606
14;2021-01-26;832;17438
14;2021-01-27;869;18307
15;2021-01-07;69;69
15;2021-01-08;99;168
15;2021-01-11;92;260
15;2021-01-12;91;351
15;2021-01-13;213;564
15;2021-01-14;278;842
15;2021-01-15;134;976
15;2021-01-16;90;1066
15;2021-01-18;379;1445
15;2021-01-19;506;1951
15;2021-01-20;566;2517
15;2021-01-21;529;3046
15;2021-01-22;486;3532
15;2021-01-23;432;3964
15;2021-01-24;6;3970
15;2021-01-25;385;4355
15;2021-01-26;416;4771
15;2021-01-27;630;5401
16;2021-01-04;1;1
16;2021-01-05;1;2
16;2021-01-06;83;85
16;2021-01-07;233;318
16;2021-01-08;394;712
16;2021-01-09;1;713
16;2021-01-11;252;965
16;2021-01-12;396;1361
16;2021-01-13;448;1809
16;2021-01-14;529;2338
16;2021-01-15;415;2753
16;2021-01-18;413;3166
16;2021-01-19;762;3928
16;2021-01-20;1066;4994
16;2021-01-21;1167;6161
16;2021-01-22;978;7139
16;2021-01-23;181;7320
16;2021-01-25;597;7917
16;2021-01-26;880;8797
16;2021-01-27;1329;10126
17;2021-01-04;54;54
17;2021-01-05;68;122
17;2021-01-06;128;250
17;2021-01-07;381;631
17;2021-01-08;333;964
17;2021-01-11;307;1271
17;2021-01-12;685;1956
17;2021-01-13;564;2520
17;2021-01-14;570;3090
17;2021-01-15;583;3673
17;2021-01-16;121;3794
17;2021-01-17;17;3811
17;2021-01-18;638;4449
17;2021-01-19;1672;6121
17;2021-01-20;2190;8311
17;2021-01-21;2349;10660
17;2021-01-22;1752;12412
17;2021-01-23;686;13098
17;2021-01-24;48;13146
17;2021-01-25;1325;14471
17;2021-01-26;1977;16448
17;2021-01-27;1547;17995
18;2021-01-04;3;3
18;2021-01-06;1;4
18;2021-01-07;25;29
18;2021-01-08;64;93
18;2021-01-09;222;315
18;2021-01-10;146;461
18;2021-01-11;170;631
18;2021-01-12;372;1003
18;2021-01-13;270;1273
18;2021-01-14;267;1540
18;2021-01-15;297;1837
18;2021-01-16;172;2009
18;2021-01-18;258;2267
18;2021-01-19;1277;3544
18;2021-01-20;1040;4584
18;2021-01-21;880;5464
18;2021-01-22;647;6111
18;2021-01-23;204;6315
18;2021-01-25;376;6691
18;2021-01-26;362;7053
18;2021-01-27;385;7438
19;2021-01-07;341;341
19;2021-01-08;246;587
19;2021-01-10;1;588
19;2021-01-11;37;625
19;2021-01-12;408;1033
19;2021-01-13;410;1443
19;2021-01-14;466;1909
19;2021-01-15;223;2132
19;2021-01-18;250;2382
19;2021-01-19;516;2898
19;2021-01-20;753;3651
19;2021-01-21;489;4140
19;2021-01-22;1282;5422
19;2021-01-23;280;5702
19;2021-01-24;36;5738
19;2021-01-25;225;5963
19;2021-01-26;600;6563
19;2021-01-27;319;6882
21;2020-12-27;4;4
21;2020-12-29;19;23
21;2020-12-30;20;43
21;2021-01-04;16;59
21;2021-01-05;247;306
21;2021-01-06;285;591
21;2021-01-07;379;970
21;2021-01-08;435;1405
21;2021-01-09;239;1644
21;2021-01-11;596;2240
21;2021-01-12;587;2827
21;2021-01-13;599;3426
21;2021-01-14;1034;4460
21;2021-01-15;665;5125
21;2021-01-16;159;5284
21;2021-01-17;4;5288
21;2021-01-18;1000;6288
21;2021-01-19;1083;7371
21;2021-01-20;1129;8500
21;2021-01-21;1304;9804
21;2021-01-22;954;10758
21;2021-01-23;427;11185
21;2021-01-24;103;11288
21;2021-01-25;669;11957
21;2021-01-26;1228;13185
21;2021-01-27;1628;14813
22;2021-01-02;1;1
22;2021-01-04;3;4
22;2021-01-05;61;65
22;2021-01-06;112;177
22;2021-01-07;62;239
22;2021-01-08;170;409
22;2021-01-11;232;641
22;2021-01-12;577;1218
22;2021-01-13;651;1869
22;2021-01-14;645;2514
22;2021-01-15;479;2993
22;2021-01-16;94;3087
22;2021-01-17;1;3088
22;2021-01-18;302;3390
22;2021-01-19;635;4025
22;2021-01-20;582;4607
22;2021-01-21;901;5508
22;2021-01-22;765;6273
22;2021-01-23;218;6491
22;2021-01-24;1;6492
22;2021-01-25;738;7230
22;2021-01-26;933;8163
22;2021-01-27;3078;11241
23;2021-01-06;1;1
23;2021-01-07;95;96
23;2021-01-08;86;182
23;2021-01-09;33;215
23;2021-01-10;1;216
23;2021-01-11;106;322
23;2021-01-12;161;483
23;2021-01-13;253;736
23;2021-01-14;258;994
23;2021-01-15;304;1298
23;2021-01-16;135;1433
23;2021-01-18;333;1766
23;2021-01-19;422;2188
23;2021-01-20;335;2523
23;2021-01-21;561;3084
23;2021-01-22;361;3445
23;2021-01-23;366;3811
23;2021-01-25;352;4163
23;2021-01-26;241;4404
23;2021-01-27;149;4553
24;2020-12-29;2;2
24;2021-01-07;190;192
24;2021-01-08;277;469
24;2021-01-09;185;654
24;2021-01-10;35;689
24;2021-01-11;270;959
24;2021-01-12;280;1239
24;2021-01-13;232;1471
24;2021-01-14;984;2455
24;2021-01-15;586;3041
24;2021-01-16;86;3127
24;2021-01-18;298;3425
24;2021-01-19;458;3883
24;2021-01-20;487;4370
24;2021-01-21;608;4978
24;2021-01-22;504;5482
24;2021-01-23;149;5631
24;2021-01-25;380;6011
24;2021-01-26;516;6527
24;2021-01-27;903;7430
25;2021-01-06;73;73
25;2021-01-07;233;306
25;2021-01-08;317;623
25;2021-01-09;103;726
25;2021-01-11;464;1190
25;2021-01-12;625;1815
25;2021-01-13;572;2387
25;2021-01-14;778;3165
25;2021-01-15;653;3818
25;2021-01-16;196;4014
25;2021-01-17;111;4125
25;2021-01-18;1016;5141
25;2021-01-19;1212;6353
25;2021-01-20;1384;7737
25;2021-01-21;1682;9419
25;2021-01-22;1386;10805
25;2021-01-23;477;11282
25;2021-01-24;118;11400
25;2021-01-25;862;12262
25;2021-01-26;1342;13604
25;2021-01-27;1176;14780
26;2021-01-07;122;122
26;2021-01-08;122;244
26;2021-01-11;254;498
26;2021-01-12;172;670
26;2021-01-13;379;1049
26;2021-01-14;459;1508
26;2021-01-15;556;2064
26;2021-01-16;250;2314
26;2021-01-18;615;2929
26;2021-01-19;713;3642
26;2021-01-20;697;4339
26;2021-01-21;665;5004
26;2021-01-22;745;5749
26;2021-01-23;564;6313
26;2021-01-24;24;6337
26;2021-01-25;678;7015
26;2021-01-26;795;7810
26;2021-01-27;732;8542
27;2021-01-05;15;15
27;2021-01-06;159;174
27;2021-01-07;345;519
27;2021-01-08;356;875
27;2021-01-09;70;945
27;2021-01-10;100;1045
27;2021-01-11;306;1351
27;2021-01-12;390;1741
27;2021-01-13;717;2458
27;2021-01-14;1287;3745
27;2021-01-15;1123;4868
27;2021-01-16;329;5197
27;2021-01-17;203;5400
27;2021-01-18;757;6157
27;2021-01-19;736;6893
27;2021-01-20;843;7736
27;2021-01-21;604;8340
27;2021-01-22;771;9111
27;2021-01-23;348;9459
27;2021-01-24;163;9622
27;2021-01-25;620;10242
27;2021-01-26;452;10694
27;2021-01-27;476;11170
28;2021-01-05;5;5
28;2021-01-06;83;88
28;2021-01-07;87;175
28;2021-01-08;125;300
28;2021-01-09;77;377
28;2021-01-10;1;378
28;2021-01-11;195;573
28;2021-01-12;248;821
28;2021-01-13;347;1168
28;2021-01-14;441;1609
28;2021-01-15;372;1981
28;2021-01-16;204;2185
28;2021-01-17;21;2206
28;2021-01-18;359;2565
28;2021-01-19;492;3057
28;2021-01-20;633;3690
28;2021-01-21;771;4461
28;2021-01-22;473;4934
28;2021-01-23;344;5278
28;2021-01-25;421;5699
28;2021-01-26;598;6297
28;2021-01-27;1038;7335
29;2021-01-04;30;30
29;2021-01-05;30;60
29;2021-01-06;42;102
29;2021-01-07;127;229
29;2021-01-08;404;633
29;2021-01-09;1;634
29;2021-01-11;621;1255
29;2021-01-12;1080;2335
29;2021-01-13;1017;3352
29;2021-01-14;772;4124
29;2021-01-15;1142;5266
29;2021-01-16;168;5434
29;2021-01-17;111;5545
29;2021-01-18;780;6325
29;2021-01-19;1207;7532
29;2021-01-20;2074;9606
29;2021-01-21;4596;14202
29;2021-01-22;3405;17607
29;2021-01-23;502;18109
29;2021-01-24;199;18308
29;2021-01-25;564;18872
29;2021-01-26;919;19791
29;2021-01-27;1251;21042
2A;2021-01-06;5;5
2A;2021-01-07;121;126
2A;2021-01-08;91;217
2A;2021-01-09;39;256
2A;2021-01-10;33;289
2A;2021-01-11;49;338
2A;2021-01-12;74;412
2A;2021-01-13;92;504
2A;2021-01-14;174;678
2A;2021-01-15;137;815
2A;2021-01-16;155;970
2A;2021-01-17;51;1021
2A;2021-01-18;192;1213
2A;2021-01-19;459;1672
2A;2021-01-20;341;2013
2A;2021-01-21;438;2451
2A;2021-01-22;362;2813
2A;2021-01-23;183;2996
2A;2021-01-24;115;3111
2A;2021-01-25;179;3290
2A;2021-01-26;388;3678
2A;2021-01-27;310;3988
2B;2021-01-04;2;2
2B;2021-01-06;48;50
2B;2021-01-07;205;255
2B;2021-01-08;189;444
2B;2021-01-09;37;481
2B;2021-01-11;74;555
2B;2021-01-12;122;677
2B;2021-01-13;93;770
2B;2021-01-14;72;842
2B;2021-01-15;222;1064
2B;2021-01-16;40;1104
2B;2021-01-17;8;1112
2B;2021-01-18;268;1380
2B;2021-01-19;423;1803
2B;2021-01-20;456;2259
2B;2021-01-21;350;2609
2B;2021-01-22;339;2948
2B;2021-01-23;58;3006
2B;2021-01-24;29;3035
2B;2021-01-25;175;3210
2B;2021-01-26;383;3593
2B;2021-01-27;305;3898
30;2021-01-05;2;2
30;2021-01-06;126;128
30;2021-01-07;310;438
30;2021-01-08;528;966
30;2021-01-09;268;1234
30;2021-01-11;537;1771
30;2021-01-12;686;2457
30;2021-01-13;586;3043
30;2021-01-14;618;3661
30;2021-01-15;711;4372
30;2021-01-16;312;4684
30;2021-01-18;903;5587
30;2021-01-19;1636;7223
30;2021-01-20;1219;8442
30;2021-01-21;1206;9648
30;2021-01-22;1022;10670
30;2021-01-23;617;11287
30;2021-01-25;821;12108
30;2021-01-26;983;13091
30;2021-01-27;894;13985
31;2021-01-03;1;1
31;2021-01-04;2;3
31;2021-01-05;47;50
31;2021-01-06;206;256
31;2021-01-07;283;539
31;2021-01-08;537;1076
31;2021-01-09;267;1343
31;2021-01-10;281;1624
31;2021-01-11;821;2445
31;2021-01-12;1145;3590
31;2021-01-13;1097;4687
31;2021-01-14;1153;5840
31;2021-01-15;1011;6851
31;2021-01-16;239;7090
31;2021-01-17;133;7223
31;2021-01-18;1480;8703
31;2021-01-19;2741;11444
31;2021-01-20;3433;14877
31;2021-01-21;2731;17608
31;2021-01-22;2041;19649
31;2021-01-23;688;20337
31;2021-01-24;194;20531
31;2021-01-25;1657;22188
31;2021-01-26;1750;23938
31;2021-01-27;1449;25387
32;2021-01-04;2;2
32;2021-01-05;1;3
32;2021-01-06;2;5
32;2021-01-07;139;144
32;2021-01-08;69;213
32;2021-01-09;5;218
32;2021-01-11;7;225
32;2021-01-12;94;319
32;2021-01-13;309;628
32;2021-01-14;380;1008
32;2021-01-15;409;1417
32;2021-01-16;16;1433
32;2021-01-17;1;1434
32;2021-01-18;340;1774
32;2021-01-19;342;2116
32;2021-01-20;357;2473
32;2021-01-21;580;3053
32;2021-01-22;370;3423
32;2021-01-23;189;3612
32;2021-01-24;3;3615
32;2021-01-25;455;4070
32;2021-01-26;595;4665
32;2021-01-27;682;5347
33;2021-01-04;1;1
33;2021-01-06;119;120
33;2021-01-07;1236;1356
33;2021-01-08;1156;2512
33;2021-01-09;292;2804
33;2021-01-10;227;3031
33;2021-01-11;556;3587
33;2021-01-12;1340;4927
33;2021-01-13;1203;6130
33;2021-01-14;1163;7293
33;2021-01-15;1447;8740
33;2021-01-16;557;9297
33;2021-01-17;387;9684
33;2021-01-18;1096;10780
33;2021-01-19;2800;13580
33;2021-01-20;3148;16728
33;2021-01-21;2677;19405
33;2021-01-22;2236;21641
33;2021-01-23;832;22473
33;2021-01-24;499;22972
33;2021-01-25;2111;25083
33;2021-01-26;1908;26991
33;2021-01-27;2036;29027
34;2021-01-04;21;21
34;2021-01-05;104;125
34;2021-01-06;187;312
34;2021-01-07;360;672
34;2021-01-08;554;1226
34;2021-01-09;221;1447
34;2021-01-10;44;1491
34;2021-01-11;538;2029
34;2021-01-12;898;2927
34;2021-01-13;1022;3949
34;2021-01-14;1696;5645
34;2021-01-15;1232;6877
34;2021-01-16;283;7160
34;2021-01-17;227;7387
34;2021-01-18;1050;8437
34;2021-01-19;1536;9973
34;2021-01-20;1913;11886
34;2021-01-21;3774;15660
34;2021-01-22;2351;18011
34;2021-01-23;579;18590
34;2021-01-24;2;18592
34;2021-01-25;1211;19803
34;2021-01-26;1386;21189
34;2021-01-27;1349;22538
35;2021-01-04;7;7
35;2021-01-05;106;113
35;2021-01-06;172;285
35;2021-01-07;432;717
35;2021-01-08;505;1222
35;2021-01-09;31;1253
35;2021-01-11;501;1754
35;2021-01-12;775;2529
35;2021-01-13;837;3366
35;2021-01-14;1198;4564
35;2021-01-15;691;5255
35;2021-01-16;185;5440
35;2021-01-17;42;5482
35;2021-01-18;1173;6655
35;2021-01-19;5036;11691
35;2021-01-20;3034;14725
35;2021-01-21;3379;18104
35;2021-01-22;2011;20115
35;2021-01-23;417;20532
35;2021-01-24;47;20579
35;2021-01-25;908;21487
35;2021-01-26;1070;22557
35;2021-01-27;989;23546
36;2021-01-06;22;22
36;2021-01-07;50;72
36;2021-01-08;111;183
36;2021-01-09;79;262
36;2021-01-10;140;402
36;2021-01-11;237;639
36;2021-01-12;278;917
36;2021-01-13;193;1110
36;2021-01-14;500;1610
36;2021-01-15;178;1788
36;2021-01-16;24;1812
36;2021-01-17;16;1828
36;2021-01-18;607;2435
36;2021-01-19;1051;3486
36;2021-01-20;1030;4516
36;2021-01-21;684;5200
36;2021-01-22;807;6007
36;2021-01-23;259;6266
36;2021-01-24;185;6451
36;2021-01-25;596;7047
36;2021-01-26;607;7654
36;2021-01-27;758;8412
37;2020-12-28;7;7
37;2020-12-29;7;14
37;2021-01-04;1;15
37;2021-01-05;47;62
37;2021-01-06;62;124
37;2021-01-07;104;228
37;2021-01-08;416;644
37;2021-01-09;77;721
37;2021-01-10;83;804
37;2021-01-11;270;1074
37;2021-01-12;645;1719
37;2021-01-13;483;2202
37;2021-01-14;453;2655
37;2021-01-15;590;3245
37;2021-01-16;294;3539
37;2021-01-17;251;3790
37;2021-01-18;724;4514
37;2021-01-19;1182;5696
37;2021-01-20;1002;6698
37;2021-01-21;832;7530
37;2021-01-22;754;8284
37;2021-01-23;172;8456
37;2021-01-25;483;8939
37;2021-01-26;1551;10490
37;2021-01-27;1357;11847
38;2020-12-31;5;5
38;2021-01-04;162;167
38;2021-01-05;252;419
38;2021-01-06;364;783
38;2021-01-07;607;1390
38;2021-01-08;634;2024
38;2021-01-09;1;2025
38;2021-01-11;665;2690
38;2021-01-12;1183;3873
38;2021-01-13;955;4828
38;2021-01-14;1398;6226
38;2021-01-15;1196;7422
38;2021-01-16;302;7724
38;2021-01-17;3;7727
38;2021-01-18;1067;8794
38;2021-01-19;1897;10691
38;2021-01-20;1609;12300
38;2021-01-21;1264;13564
38;2021-01-22;1123;14687
38;2021-01-23;377;15064
38;2021-01-24;1;15065
38;2021-01-25;759;15824
38;2021-01-26;725;16549
38;2021-01-27;932;17481
39;2021-01-04;1;1
39;2021-01-05;1;2
39;2021-01-06;15;17
39;2021-01-07;297;314
39;2021-01-08;560;874
39;2021-01-09;169;1043
39;2021-01-10;1;1044
39;2021-01-11;395;1439
39;2021-01-12;420;1859
39;2021-01-13;369;2228
39;2021-01-14;520;2748
39;2021-01-15;414;3162
39;2021-01-16;140;3302
39;2021-01-18;896;4198
39;2021-01-19;1159;5357
39;2021-01-20;871;6228
39;2021-01-21;1147;7375
39;2021-01-22;945;8320
39;2021-01-23;379;8699
39;2021-01-25;623;9322
39;2021-01-26;1021;10343
39;2021-01-27;850;11193
40;2021-01-06;1;1
40;2021-01-07;157;158
40;2021-01-08;389;547
40;2021-01-11;109;656
40;2021-01-13;674;1330
40;2021-01-14;886;2216
40;2021-01-15;590;2806
40;2021-01-16;157;2963
40;2021-01-17;0;2963
40;2021-01-18;399;3362
40;2021-01-19;1183;4545
40;2021-01-20;848;5393
40;2021-01-21;1139;6532
40;2021-01-22;761;7293
40;2021-01-23;264;7557
40;2021-01-24;1;7558
40;2021-01-25;381;7939
40;2021-01-26;734;8673
40;2021-01-27;1042;9715
41;2021-01-05;35;35
41;2021-01-06;72;107
41;2021-01-07;21;128
41;2021-01-08;1;129
41;2021-01-11;133;262
41;2021-01-12;315;577
41;2021-01-13;265;842
41;2021-01-14;280;1122
41;2021-01-15;175;1297
41;2021-01-18;394;1691
41;2021-01-19;779;2470
41;2021-01-20;961;3431
41;2021-01-21;1518;4949
41;2021-01-22;793;5742
41;2021-01-23;92;5834
41;2021-01-25;413;6247
41;2021-01-26;437;6684
41;2021-01-27;415;7099
42;2021-01-06;178;178
42;2021-01-07;209;387
42;2021-01-08;221;608
42;2021-01-09;136;744
42;2021-01-11;291;1035
42;2021-01-12;410;1445
42;2021-01-13;525;1970
42;2021-01-14;601;2571
42;2021-01-15;618;3189
42;2021-01-16;297;3486
42;2021-01-17;217;3703
42;2021-01-18;952;4655
42;2021-01-19;1192;5847
42;2021-01-20;930;6777
42;2021-01-21;957;7734
42;2021-01-22;967;8701
42;2021-01-23;398;9099
42;2021-01-24;358;9457
42;2021-01-25;983;10440
42;2021-01-26;1573;12013
42;2021-01-27;1357;13370
43;2021-01-04;1;1
43;2021-01-07;165;166
43;2021-01-08;142;308
43;2021-01-11;136;444
43;2021-01-12;243;687
43;2021-01-13;243;930
43;2021-01-14;292;1222
43;2021-01-15;284;1506
43;2021-01-16;32;1538
43;2021-01-18;737;2275
43;2021-01-19;756;3031
43;2021-01-20;500;3531
43;2021-01-21;434;3965
43;2021-01-22;464;4429
43;2021-01-23;1;4430
43;2021-01-24;1;4431
43;2021-01-25;536;4967
43;2021-01-26;608;5575
43;2021-01-27;734;6309
44;2021-01-03;1;1
44;2021-01-06;20;21
44;2021-01-07;171;192
44;2021-01-08;440;632
44;2021-01-09;468;1100
44;2021-01-10;450;1550
44;2021-01-11;735;2285
44;2021-01-12;855;3140
44;2021-01-13;1028;4168
44;2021-01-14;1031;5199
44;2021-01-15;930;6129
44;2021-01-16;291;6420
44;2021-01-17;314;6734
44;2021-01-18;828;7562
44;2021-01-19;2203;9765
44;2021-01-20;2286;12051
44;2021-01-21;4174;16225
44;2021-01-22;2270;18495
44;2021-01-23;755;19250
44;2021-01-24;119;19369
44;2021-01-25;756;20125
44;2021-01-26;2354;22479
44;2021-01-27;1893;24372
45;2021-01-05;76;76
45;2021-01-06;68;144
45;2021-01-07;172;316
45;2021-01-08;195;511
45;2021-01-09;41;552
45;2021-01-10;23;575
45;2021-01-11;247;822
45;2021-01-12;671;1493
45;2021-01-13;494;1987
45;2021-01-14;462;2449
45;2021-01-15;373;2822
45;2021-01-16;39;2861
45;2021-01-17;24;2885
45;2021-01-18;801;3686
45;2021-01-19;1156;4842
45;2021-01-20;2065;6907
45;2021-01-21;2480;9387
45;2021-01-22;1391;10778
45;2021-01-23;116;10894
45;2021-01-24;38;10932
45;2021-01-25;550;11482
45;2021-01-26;835;12317
45;2021-01-27;639;12956
46;2021-01-06;3;3
46;2021-01-07;130;133
46;2021-01-08;178;311
46;2021-01-09;1;312
46;2021-01-10;1;313
46;2021-01-11;112;425
46;2021-01-12;122;547
46;2021-01-13;166;713
46;2021-01-14;175;888
46;2021-01-15;249;1137
46;2021-01-16;16;1153
46;2021-01-18;258;1411
46;2021-01-19;353;1764
46;2021-01-20;861;2625
46;2021-01-21;915;3540
46;2021-01-22;370;3910
46;2021-01-25;189;4099
46;2021-01-26;226;4325
46;2021-01-27;248;4573
47;2021-01-07;70;70
47;2021-01-08;174;244
47;2021-01-09;105;349
47;2021-01-11;235;584
47;2021-01-12;311;895
47;2021-01-13;338;1233
47;2021-01-14;314;1547
47;2021-01-15;251;1798
47;2021-01-16;175;1973
47;2021-01-18;431;2404
47;2021-01-19;419;2823
47;2021-01-20;452;3275
47;2021-01-21;525;3800
47;2021-01-22;455;4255
47;2021-01-23;386;4641
47;2021-01-25;406;5047
47;2021-01-26;735;5782
47;2021-01-27;619;6401
48;2021-01-07;14;14
48;2021-01-08;80;94
48;2021-01-11;13;107
48;2021-01-12;17;124
48;2021-01-13;104;228
48;2021-01-14;89;317
48;2021-01-15;62;379
48;2021-01-18;116;495
48;2021-01-19;328;823
48;2021-01-20;363;1186
48;2021-01-21;431;1617
48;2021-01-22;197;1814
48;2021-01-23;35;1849
48;2021-01-25;106;1955
48;2021-01-26;202;2157
48;2021-01-27;227;2384
49;2021-01-04;9;9
49;2021-01-05;87;96
49;2021-01-06;142;238
49;2021-01-07;171;409
49;2021-01-08;225;634
49;2021-01-09;117;751
49;2021-01-10;114;865
49;2021-01-11;284;1149
49;2021-01-12;559;1708
49;2021-01-13;548;2256
49;2021-01-14;536;2792
49;2021-01-15;705;3497
49;2021-01-16;119;3616
49;2021-01-17;111;3727
49;2021-01-18;679;4406
49;2021-01-19;1018;5424
49;2021-01-20;1272;6696
49;2021-01-21;1727;8423
49;2021-01-22;1223;9646
49;2021-01-23;256;9902
49;2021-01-25;521;10423
49;2021-01-26;914;11337
49;2021-01-27;1645;12982
50;2021-01-06;126;126
50;2021-01-07;274;400
50;2021-01-08;389;789
50;2021-01-09;234;1023
50;2021-01-10;17;1040
50;2021-01-11;361;1401
50;2021-01-12;500;1901
50;2021-01-13;688;2589
50;2021-01-14;920;3509
50;2021-01-15;648;4157
50;2021-01-16;205;4362
50;2021-01-18;565;4927
50;2021-01-19;779;5706
50;2021-01-20;804;6510
50;2021-01-21;844;7354
50;2021-01-22;649;8003
50;2021-01-23;629;8632
50;2021-01-24;865;9497
50;2021-01-25;2375;11872
50;2021-01-26;1187;13059
50;2021-01-27;605;13664
51;2020-12-31;1;1
51;2021-01-06;2;3
51;2021-01-07;256;259
51;2021-01-08;417;676
51;2021-01-09;85;761
51;2021-01-11;461;1222
51;2021-01-12;1275;2497
51;2021-01-13;1109;3606
51;2021-01-14;1249;4855
51;2021-01-15;548;5403
51;2021-01-16;153;5556
51;2021-01-17;99;5655
51;2021-01-18;708;6363
51;2021-01-19;814;7177
51;2021-01-20;869;8046
51;2021-01-21;732;8778
51;2021-01-22;352;9130
51;2021-01-23;289;9419
51;2021-01-24;129;9548
51;2021-01-25;666;10214
51;2021-01-26;754;10968
51;2021-01-27;591;11559
52;2021-01-08;195;195
52;2021-01-09;93;288
52;2021-01-11;202;490
52;2021-01-12;168;658
52;2021-01-13;556;1214
52;2021-01-14;640;1854
52;2021-01-15;405;2259
52;2021-01-16;16;2275
52;2021-01-18;419;2694
52;2021-01-19;434;3128
52;2021-01-20;408;3536
52;2021-01-21;419;3955
52;2021-01-22;305;4260
52;2021-01-23;72;4332
52;2021-01-25;235;4567
52;2021-01-26;304;4871
52;2021-01-27;235;5106
53;2021-01-07;100;100
53;2021-01-08;282;382
53;2021-01-09;133;515
53;2021-01-10;15;530
53;2021-01-11;176;706
53;2021-01-12;449;1155
53;2021-01-13;252;1407
53;2021-01-14;283;1690
53;2021-01-15;341;2031
53;2021-01-16;59;2090
53;2021-01-17;24;2114
53;2021-01-18;363;2477
53;2021-01-19;555;3032
53;2021-01-20;735;3767
53;2021-01-21;759;4526
53;2021-01-22;692;5218
53;2021-01-23;161;5379
53;2021-01-24;6;5385
53;2021-01-25;548;5933
53;2021-01-26;1117;7050
53;2021-01-27;686;7736
54;2020-12-31;9;9
54;2021-01-04;152;161
54;2021-01-05;377;538
54;2021-01-06;633;1171
54;2021-01-07;753;1924
54;2021-01-08;629;2553
54;2021-01-09;80;2633
54;2021-01-10;77;2710
54;2021-01-11;901;3611
54;2021-01-12;1068;4679
54;2021-01-13;2061;6740
54;2021-01-14;2527;9267
54;2021-01-15;2150;11417
54;2021-01-16;635;12052
54;2021-01-17;205;12257
54;2021-01-18;1416;13673
54;2021-01-19;1487;15160
54;2021-01-20;1236;16396
54;2021-01-21;1137;17533
54;2021-01-22;887;18420
54;2021-01-23;309;18729
54;2021-01-24;64;18793
54;2021-01-25;612;19405
54;2021-01-26;115;19520
54;2021-01-27;9;19529
55;2021-01-07;122;122
55;2021-01-08;127;249
55;2021-01-09;51;300
55;2021-01-11;124;424
55;2021-01-12;119;543
55;2021-01-13;128;671
55;2021-01-14;566;1237
55;2021-01-15;226;1463
55;2021-01-16;56;1519
55;2021-01-17;1;1520
55;2021-01-18;410;1930
55;2021-01-19;344;2274
55;2021-01-20;440;2714
55;2021-01-21;427;3141
55;2021-01-22;390;3531
55;2021-01-23;1;3532
55;2021-01-25;433;3965
55;2021-01-26;418;4383
55;2021-01-27;421;4804
56;2021-01-05;1;1
56;2021-01-07;196;197
56;2021-01-08;118;315
56;2021-01-09;1;316
56;2021-01-11;242;558
56;2021-01-12;600;1158
56;2021-01-13;579;1737
56;2021-01-14;814;2551
56;2021-01-15;736;3287
56;2021-01-16;232;3519
56;2021-01-17;26;3545
56;2021-01-18;887;4432
56;2021-01-19;754;5186
56;2021-01-20;876;6062
56;2021-01-21;1211;7273
56;2021-01-22;1109;8382
56;2021-01-23;317;8699
56;2021-01-24;5;8704
56;2021-01-25;808;9512
56;2021-01-26;1023;10535
56;2021-01-27;1068;11603
57;2021-01-04;12;12
57;2021-01-05;198;210
57;2021-01-06;219;429
57;2021-01-07;553;982
57;2021-01-08;493;1475
57;2021-01-09;141;1616
57;2021-01-10;70;1686
57;2021-01-11;445;2131
57;2021-01-12;610;2741
57;2021-01-13;688;3429
57;2021-01-14;614;4043
57;2021-01-15;572;4615
57;2021-01-16;416;5031
57;2021-01-17;469;5500
57;2021-01-18;2593;8093
57;2021-01-19;2491;10584
57;2021-01-20;2552;13136
57;2021-01-21;1676;14812
57;2021-01-22;1269;16081
57;2021-01-23;542;16623
57;2021-01-25;861;17484
57;2021-01-26;1074;18558
57;2021-01-27;998;19556
58;2021-01-06;129;129
58;2021-01-07;223;352
58;2021-01-08;21;373
58;2021-01-09;1;374
58;2021-01-11;41;415
58;2021-01-12;192;607
58;2021-01-13;241;848
58;2021-01-14;223;1071
58;2021-01-15;45;1116
58;2021-01-16;10;1126
58;2021-01-18;329;1455
58;2021-01-19;804;2259
58;2021-01-20;931;3190
58;2021-01-21;824;4014
58;2021-01-22;648;4662
58;2021-01-23;249;4911
58;2021-01-24;2;4913
58;2021-01-25;414;5327
58;2021-01-26;642;5969
58;2021-01-27;530;6499
59;2020-12-28;25;25
59;2021-01-04;77;102
59;2021-01-05;215;317
59;2021-01-06;416;733
59;2021-01-07;1209;1942
59;2021-01-08;1165;3107
59;2021-01-09;603;3710
59;2021-01-10;423;4133
59;2021-01-11;1708;5841
59;2021-01-12;2228;8069
59;2021-01-13;2167;10236
59;2021-01-14;2469;12705
59;2021-01-15;2049;14754
59;2021-01-16;738;15492
59;2021-01-17;552;16044
59;2021-01-18;3204;19248
59;2021-01-19;4385;23633
59;2021-01-20;3710;27343
59;2021-01-21;4277;31620
59;2021-01-22;3657;35277
59;2021-01-23;930;36207
59;2021-01-24;72;36279
59;2021-01-25;2428;38707
59;2021-01-26;2349;41056
59;2021-01-27;1437;42493
60;2020-12-29;1;1
60;2021-01-04;1;2
60;2021-01-05;32;34
60;2021-01-06;181;215
60;2021-01-07;218;433
60;2021-01-08;299;732
60;2021-01-10;54;786
60;2021-01-11;299;1085
60;2021-01-12;491;1576
60;2021-01-13;402;1978
60;2021-01-14;436;2414
60;2021-01-15;627;3041
60;2021-01-16;123;3164
60;2021-01-17;33;3197
60;2021-01-18;707;3904
60;2021-01-19;1063;4967
60;2021-01-20;1428;6395
60;2021-01-21;1865;8260
60;2021-01-22;1306;9566
60;2021-01-23;487;10053
60;2021-01-24;61;10114
60;2021-01-25;815;10929
60;2021-01-26;872;11801
60;2021-01-27;579;12380
61;2021-01-05;3;3
61;2021-01-06;75;78
61;2021-01-07;175;253
61;2021-01-08;402;655
61;2021-01-09;160;815
61;2021-01-10;49;864
61;2021-01-11;391;1255
61;2021-01-12;620;1875
61;2021-01-13;737;2612
61;2021-01-14;480;3092
61;2021-01-15;523;3615
61;2021-01-16;289;3904
61;2021-01-17;756;4660
61;2021-01-18;1768;6428
61;2021-01-19;1244;7672
61;2021-01-20;647;8319
61;2021-01-21;847;9166
61;2021-01-22;759;9925
61;2021-01-23;255;10180
61;2021-01-24;227;10407
61;2021-01-25;572;10979
61;2021-01-26;535;11514
61;2021-01-27;549;12063
62;2021-01-04;1;1
62;2021-01-05;45;46
62;2021-01-06;120;166
62;2021-01-07;329;495
62;2021-01-08;687;1182
62;2021-01-09;149;1331
62;2021-01-10;84;1415
62;2021-01-11;425;1840
62;2021-01-12;935;2775
62;2021-01-13;895;3670
62;2021-01-14;1040;4710
62;2021-01-15;989;5699
62;2021-01-16;261;5960
62;2021-01-17;106;6066
62;2021-01-18;1315;7381
62;2021-01-19;1968;9349
62;2021-01-20;1865;11214
62;2021-01-21;2053;13267
62;2021-01-22;1755;15022
62;2021-01-23;510;15532
62;2021-01-25;1240;16772
62;2021-01-26;1446;18218
62;2021-01-27;1425;19643
63;2021-01-06;4;4
63;2021-01-07;238;242
63;2021-01-08;176;418
63;2021-01-09;89;507
63;2021-01-10;80;587
63;2021-01-11;306;893
63;2021-01-12;570;1463
63;2021-01-13;830;2293
63;2021-01-14;490;2783
63;2021-01-15;404;3187
63;2021-01-16;152;3339
63;2021-01-17;124;3463
63;2021-01-18;584;4047
63;2021-01-19;621;4668
63;2021-01-20;945;5613
63;2021-01-21;892;6505
63;2021-01-22;967;7472
63;2021-01-23;186;7658
63;2021-01-24;162;7820
63;2021-01-25;392;8212
63;2021-01-26;620;8832
63;2021-01-27;527;9359
64;2021-01-04;28;28
64;2021-01-05;21;49
64;2021-01-06;184;233
64;2021-01-07;817;1050
64;2021-01-08;861;1911
64;2021-01-09;50;1961
64;2021-01-11;522;2483
64;2021-01-12;736;3219
64;2021-01-13;832;4051
64;2021-01-14;976;5027
64;2021-01-15;907;5934
64;2021-01-16;67;6001
64;2021-01-18;896;6897
64;2021-01-19;1368;8265
64;2021-01-20;1488;9753
64;2021-01-21;2468;12221
64;2021-01-22;1590;13811
64;2021-01-23;519;14330
64;2021-01-24;88;14418
64;2021-01-25;961;15379
64;2021-01-26;1309;16688
64;2021-01-27;1158;17846
65;2021-01-07;131;131
65;2021-01-08;195;326
65;2021-01-09;138;464
65;2021-01-11;191;655
65;2021-01-12;208;863
65;2021-01-13;425;1288
65;2021-01-14;451;1739
65;2021-01-15;372;2111
65;2021-01-16;191;2302
65;2021-01-17;1;2303
65;2021-01-18;484;2787
65;2021-01-19;534;3321
65;2021-01-20;506;3827
65;2021-01-21;540;4367
65;2021-01-22;578;4945
65;2021-01-23;171;5116
65;2021-01-24;3;5119
65;2021-01-25;475;5594
65;2021-01-26;463;6057
65;2021-01-27;428;6485
66;2020-12-31;1;1
66;2021-01-04;30;31
66;2021-01-05;135;166
66;2021-01-06;196;362
66;2021-01-07;180;542
66;2021-01-08;206;748
66;2021-01-09;231;979
66;2021-01-10;10;989
66;2021-01-11;398;1387
66;2021-01-12;556;1943
66;2021-01-13;842;2785
66;2021-01-14;886;3671
66;2021-01-15;576;4247
66;2021-01-16;106;4353
66;2021-01-17;46;4399
66;2021-01-18;646;5045
66;2021-01-19;700;5745
66;2021-01-20;1093;6838
66;2021-01-21;2088;8926
66;2021-01-22;1292;10218
66;2021-01-23;391;10609
66;2021-01-24;219;10828
66;2021-01-25;719;11547
66;2021-01-26;755;12302
66;2021-01-27;806;13108
67;2021-01-04;39;39
67;2021-01-05;164;203
67;2021-01-06;120;323
67;2021-01-07;234;557
67;2021-01-08;180;737
67;2021-01-09;110;847
67;2021-01-10;56;903
67;2021-01-11;160;1063
67;2021-01-12;444;1507
67;2021-01-13;545;2052
67;2021-01-14;984;3036
67;2021-01-15;802;3838
67;2021-01-16;158;3996
67;2021-01-17;94;4090
67;2021-01-18;821;4911
67;2021-01-19;1399;6310
67;2021-01-20;1725;8035
67;2021-01-21;1924;9959
67;2021-01-22;1855;11814
67;2021-01-23;782;12596
67;2021-01-24;376;12972
67;2021-01-25;407;13379
67;2021-01-26;128;13507
67;2021-01-27;1197;14704
68;2021-01-05;11;11
68;2021-01-06;244;255
68;2021-01-07;75;330
68;2021-01-08;118;448
68;2021-01-09;20;468
68;2021-01-11;82;550
68;2021-01-12;338;888
68;2021-01-13;646;1534
68;2021-01-14;342;1876
68;2021-01-15;188;2064
68;2021-01-18;378;2442
68;2021-01-19;555;2997
68;2021-01-20;700;3697
68;2021-01-21;1135;4832
68;2021-01-22;1321;6153
68;2021-01-23;215;6368
68;2021-01-24;691;7059
68;2021-01-25;1289;8348
68;2021-01-26;1444;9792
68;2021-01-27;2299;12091
69;2020-12-28;6;6
69;2020-12-29;5;11
69;2020-12-30;5;16
69;2020-12-31;6;22
69;2021-01-02;1;23
69;2021-01-04;9;32
69;2021-01-05;170;202
69;2021-01-06;416;618
69;2021-01-07;731;1349
69;2021-01-08;721;2070
69;2021-01-09;31;2101
69;2021-01-11;1072;3173
69;2021-01-12;1224;4397
69;2021-01-13;1215;5612
69;2021-01-14;2061;7673
69;2021-01-15;1683;9356
69;2021-01-16;875;10231
69;2021-01-17;267;10498
69;2021-01-18;1502;12000
69;2021-01-19;3301;15301
69;2021-01-20;4113;19414
69;2021-01-21;3693;23107
69;2021-01-22;2878;25985
69;2021-01-23;1205;27190
69;2021-01-24;89;27279
69;2021-01-25;2002;29281
69;2021-01-26;2314;31595
69;2021-01-27;2167;33762
70;2021-01-06;23;23
70;2021-01-07;56;79
70;2021-01-08;1;80
70;2021-01-11;131;211
70;2021-01-12;137;348
70;2021-01-13;106;454
70;2021-01-14;117;571
70;2021-01-15;90;661
70;2021-01-16;64;725
70;2021-01-18;356;1081
70;2021-01-19;467;1548
70;2021-01-20;491;2039
70;2021-01-21;601;2640
70;2021-01-22;453;3093
70;2021-01-23;260;3353
70;2021-01-24;3;3356
70;2021-01-25;309;3665
70;2021-01-26;310;3975
70;2021-01-27;308;4283
71;2021-01-05;10;10
71;2021-01-06;70;80
71;2021-01-07;66;146
71;2021-01-08;137;283
71;2021-01-09;117;400
71;2021-01-10;1;401
71;2021-01-11;230;631
71;2021-01-12;739;1370
71;2021-01-13;491;1861
71;2021-01-14;484;2345
71;2021-01-15;597;2942
71;2021-01-16;1;2943
71;2021-01-18;1012;3955
71;2021-01-19;1595;5550
71;2021-01-20;1414;6964
71;2021-01-21;1837;8801
71;2021-01-22;1367;10168
71;2021-01-23;804;10972
71;2021-01-25;1031;12003
71;2021-01-26;1423;13426
71;2021-01-27;1186;14612
72;2021-01-05;14;14
72;2021-01-06;27;41
72;2021-01-07;108;149
72;2021-01-08;177;326
72;2021-01-09;36;362
72;2021-01-11;409;771
72;2021-01-12;532;1303
72;2021-01-13;465;1768
72;2021-01-14;546;2314
72;2021-01-15;390;2704
72;2021-01-16;91;2795
72;2021-01-18;246;3041
72;2021-01-19;751;3792
72;2021-01-20;1382;5174
72;2021-01-21;1553;6727
72;2021-01-22;1033;7760
72;2021-01-23;32;7792
72;2021-01-25;488;8280
72;2021-01-26;1110;9390
72;2021-01-27;771;10161
73;2021-01-07;30;30
73;2021-01-08;79;109
73;2021-01-11;79;188
73;2021-01-12;274;462
73;2021-01-13;344;806
73;2021-01-14;459;1265
73;2021-01-15;588;1853
73;2021-01-16;125;1978
73;2021-01-18;526;2504
73;2021-01-19;1029;3533
73;2021-01-20;848;4381
73;2021-01-21;834;5215
73;2021-01-22;690;5905
73;2021-01-23;384;6289
73;2021-01-25;499;6788
73;2021-01-26;521;7309
73;2021-01-27;889;8198
74;2021-01-06;41;41
74;2021-01-07;166;207
74;2021-01-08;243;450
74;2021-01-09;78;528
74;2021-01-10;72;600
74;2021-01-11;218;818
74;2021-01-12;244;1062
74;2021-01-13;357;1419
74;2021-01-14;303;1722
74;2021-01-15;247;1969
74;2021-01-16;129;2098
74;2021-01-17;90;2188
74;2021-01-18;227;2415
74;2021-01-19;462;2877
74;2021-01-20;972;3849
74;2021-01-21;1168;5017
74;2021-01-22;899;5916
74;2021-01-23;328;6244
74;2021-01-24;89;6333
74;2021-01-25;724;7057
74;2021-01-26;1116;8173
74;2021-01-27;837;9010
75;2020-12-29;4;4
75;2020-12-30;19;23
75;2020-12-31;19;42
75;2021-01-02;40;82
75;2021-01-03;72;154
75;2021-01-04;253;407
75;2021-01-05;570;977
75;2021-01-06;893;1870
75;2021-01-07;1286;3156
75;2021-01-08;1847;5003
75;2021-01-09;936;5939
75;2021-01-10;907;6846
75;2021-01-11;1235;8081
75;2021-01-12;1727;9808
75;2021-01-13;1703;11511
75;2021-01-14;1982;13493
75;2021-01-15;1730;15223
75;2021-01-16;344;15567
75;2021-01-17;79;15646
75;2021-01-18;1856;17502
75;2021-01-19;2826;20328
75;2021-01-20;3306;23634
75;2021-01-21;3825;27459
75;2021-01-22;3633;31092
75;2021-01-23;1375;32467
75;2021-01-24;412;32879
75;2021-01-25;1348;34227
75;2021-01-26;2018;36245
75;2021-01-27;2486;38731
76;2021-01-04;16;16
76;2021-01-05;138;154
76;2021-01-06;638;792
76;2021-01-07;1308;2100
76;2021-01-08;1497;3597
76;2021-01-09;732;4329
76;2021-01-10;490;4819
76;2021-01-11;1267;6086
76;2021-01-12;1298;7384
76;2021-01-13;1120;8504
76;2021-01-14;1988;10492
76;2021-01-15;1796;12288
76;2021-01-16;946;13234
76;2021-01-17;2793;16027
76;2021-01-18;4071;20098
76;2021-01-19;2845;22943
76;2021-01-20;1889;24832
76;2021-01-21;1714;26546
76;2021-01-22;1568;28114
76;2021-01-23;443;28557
76;2021-01-24;96;28653
76;2021-01-25;1321;29974
76;2021-01-26;1221;31195
76;2021-01-27;1233;32428
77;2021-01-04;5;5
77;2021-01-05;191;196
77;2021-01-06;199;395
77;2021-01-07;474;869
77;2021-01-08;563;1432
77;2021-01-09;272;1704
77;2021-01-10;233;1937
77;2021-01-11;554;2491
77;2021-01-12;731;3222
77;2021-01-13;750;3972
77;2021-01-14;747;4719
77;2021-01-15;753;5472
77;2021-01-16;167;5639
77;2021-01-17;131;5770
77;2021-01-18;1161;6931
77;2021-01-19;1605;8536
77;2021-01-20;2363;10899
77;2021-01-21;1884;12783
77;2021-01-22;1090;13873
77;2021-01-23;345;14218
77;2021-01-24;43;14261
77;2021-01-25;926;15187
77;2021-01-26;1519;16706
77;2021-01-27;1215;17921
78;2020-12-31;15;15
78;2021-01-04;141;156
78;2021-01-05;175;331
78;2021-01-06;203;534
78;2021-01-07;377;911
78;2021-01-08;556;1467
78;2021-01-09;22;1489
78;2021-01-11;723;2212
78;2021-01-12;836;3048
78;2021-01-13;631;3679
78;2021-01-14;750;4429
78;2021-01-15;761;5190
78;2021-01-16;28;5218
78;2021-01-18;1333;6551
78;2021-01-19;1758;8309
78;2021-01-20;1519;9828
78;2021-01-21;3023;12851
78;2021-01-22;2012;14863
78;2021-01-23;255;15118
78;2021-01-24;4;15122
78;2021-01-25;889;16011
78;2021-01-26;1464;17475
78;2021-01-27;1671;19146
79;2021-01-07;155;155
79;2021-01-08;165;320
79;2021-01-09;98;418
79;2021-01-10;3;421
79;2021-01-11;137;558
79;2021-01-12;176;734
79;2021-01-13;227;961
79;2021-01-14;479;1440
79;2021-01-15;567;2007
79;2021-01-16;66;2073
79;2021-01-18;458;2531
79;2021-01-19;1281;3812
79;2021-01-20;1536;5348
79;2021-01-21;1959;7307
79;2021-01-22;861;8168
79;2021-01-23;64;8232
79;2021-01-25;638;8870
79;2021-01-26;540;9410
79;2021-01-27;716;10126
80;2020-12-29;11;11
80;2021-01-06;30;41
80;2021-01-07;264;305
80;2021-01-08;280;585
80;2021-01-09;108;693
80;2021-01-10;21;714
80;2021-01-11;275;989
80;2021-01-12;426;1415
80;2021-01-13;512;1927
80;2021-01-14;454;2381
80;2021-01-15;328;2709
80;2021-01-16;102;2811
80;2021-01-17;102;2913
80;2021-01-18;411;3324
80;2021-01-19;881;4205
80;2021-01-20;1046;5251
80;2021-01-21;1008;6259
80;2021-01-22;1110;7369
80;2021-01-23;905;8274
80;2021-01-24;753;9027
80;2021-01-25;1409;10436
80;2021-01-26;1385;11821
80;2021-01-27;811;12632
81;2021-01-04;1;1
81;2021-01-06;4;5
81;2021-01-07;263;268
81;2021-01-08;305;573
81;2021-01-09;71;644
81;2021-01-11;121;765
81;2021-01-12;166;931
81;2021-01-13;225;1156
81;2021-01-14;898;2054
81;2021-01-15;477;2531
81;2021-01-16;67;2598
81;2021-01-18;528;3126
81;2021-01-19;634;3760
81;2021-01-20;697;4457
81;2021-01-21;1085;5542
81;2021-01-22;777;6319
81;2021-01-23;217;6536
81;2021-01-24;100;6636
81;2021-01-25;519;7155
81;2021-01-26;593;7748
81;2021-01-27;513;8261
82;2021-01-05;79;79
82;2021-01-06;1;80
82;2021-01-07;74;154
82;2021-01-08;45;199
82;2021-01-09;77;276
82;2021-01-11;92;368
82;2021-01-12;259;627
82;2021-01-13;305;932
82;2021-01-14;432;1364
82;2021-01-15;601;1965
82;2021-01-16;226;2191
82;2021-01-17;89;2280
82;2021-01-18;430;2710
82;2021-01-19;443;3153
82;2021-01-20;656;3809
82;2021-01-21;418;4227
82;2021-01-22;477;4704
82;2021-01-23;151;4855
82;2021-01-25;371;5226
82;2021-01-26;441;5667
82;2021-01-27;445;6112
83;2021-01-05;2;2
83;2021-01-06;68;70
83;2021-01-07;321;391
83;2021-01-08;402;793
83;2021-01-09;48;841
83;2021-01-11;465;1306
83;2021-01-12;925;2231
83;2021-01-13;941;3172
83;2021-01-14;761;3933
83;2021-01-15;668;4601
83;2021-01-16;37;4638
83;2021-01-18;1104;5742
83;2021-01-19;1807;7549
83;2021-01-20;1566;9115
83;2021-01-21;1875;10990
83;2021-01-22;1500;12490
83;2021-01-23;233;12723
83;2021-01-25;1481;14204
83;2021-01-26;1576;15780
83;2021-01-27;1884;17664
84;2021-01-07;65;65
84;2021-01-08;62;127
84;2021-01-09;30;157
84;2021-01-10;1;158
84;2021-01-11;213;371
84;2021-01-12;548;919
84;2021-01-13;326;1245
84;2021-01-14;722;1967
84;2021-01-15;585;2552
84;2021-01-16;159;2711
84;2021-01-17;27;2738
84;2021-01-18;671;3409
84;2021-01-19;851;4260
84;2021-01-20;976;5236
84;2021-01-21;982;6218
84;2021-01-22;1103;7321
84;2021-01-23;239;7560
84;2021-01-25;785;8345
84;2021-01-26;902;9247
84;2021-01-27;988;10235
85;2021-01-04;25;25
85;2021-01-05;61;86
85;2021-01-06;106;192
85;2021-01-07;190;382
85;2021-01-08;275;657
85;2021-01-09;288;945
85;2021-01-10;59;1004
85;2021-01-11;451;1455
85;2021-01-12;514;1969
85;2021-01-13;435;2404
85;2021-01-14;623;3027
85;2021-01-15;383;3410
85;2021-01-16;253;3663
85;2021-01-17;36;3699
85;2021-01-18;988;4687
85;2021-01-19;1351;6038
85;2021-01-20;1835;7873
85;2021-01-21;2850;10723
85;2021-01-22;1587;12310
85;2021-01-23;456;12766
85;2021-01-24;49;12815
85;2021-01-25;574;13389
85;2021-01-26;860;14249
85;2021-01-27;1359;15608
86;2021-01-06;177;177
86;2021-01-07;664;841
86;2021-01-08;542;1383
86;2021-01-10;173;1556
86;2021-01-11;281;1837
86;2021-01-12;456;2293
86;2021-01-13;324;2617
86;2021-01-14;462;3079
86;2021-01-15;441;3520
86;2021-01-18;543;4063
86;2021-01-19;1694;5757
86;2021-01-20;1358;7115
86;2021-01-21;1222;8337
86;2021-01-22;765;9102
86;2021-01-23;308;9410
86;2021-01-25;577;9987
86;2021-01-26;687;10674
86;2021-01-27;721;11395
87;2021-01-04;1;1
87;2021-01-06;10;11
87;2021-01-07;296;307
87;2021-01-08;405;712
87;2021-01-09;62;774
87;2021-01-10;33;807
87;2021-01-11;423;1230
87;2021-01-12;642;1872
87;2021-01-13;618;2490
87;2021-01-14;442;2932
87;2021-01-15;490;3422
87;2021-01-16;109;3531
87;2021-01-17;1;3532
87;2021-01-18;629;4161
87;2021-01-19;626;4787
87;2021-01-20;628;5415
87;2021-01-21;657;6072
87;2021-01-22;750;6822
87;2021-01-23;267;7089
87;2021-01-25;587;7676
87;2021-01-26;531;8207
87;2021-01-27;568;8775
88;2021-01-06;1;1
88;2021-01-07;69;70
88;2021-01-08;153;223
88;2021-01-09;146;369
88;2021-01-11;185;554
88;2021-01-12;422;976
88;2021-01-13;468;1444
88;2021-01-14;301;1745
88;2021-01-15;372;2117
88;2021-01-16;31;2148
88;2021-01-18;458;2606
88;2021-01-19;428;3034
88;2021-01-20;458;3492
88;2021-01-21;1472;4964
88;2021-01-22;1133;6097
88;2021-01-23;283;6380
88;2021-01-24;293;6673
88;2021-01-25;895;7568
88;2021-01-26;299;7867
88;2021-01-27;2;7869
89;2021-01-06;48;48
89;2021-01-07;201;249
89;2021-01-08;47;296
89;2021-01-11;188;484
89;2021-01-12;312;796
89;2021-01-13;489;1285
89;2021-01-14;594;1879
89;2021-01-15;260;2139
89;2021-01-16;88;2227
89;2021-01-18;483;2710
89;2021-01-19;784;3494
89;2021-01-20;723;4217
89;2021-01-21;832;5049
89;2021-01-22;989;6038
89;2021-01-23;194;6232
89;2021-01-24;102;6334
89;2021-01-25;472;6806
89;2021-01-26;553;7359
89;2021-01-27;467;7826
90;2021-01-08;170;170
90;2021-01-09;46;216
90;2021-01-11;200;416
90;2021-01-12;426;842
90;2021-01-13;460;1302
90;2021-01-14;405;1707
90;2021-01-15;356;2063
90;2021-01-16;111;2174
90;2021-01-17;1;2175
90;2021-01-18;362;2537
90;2021-01-19;459;2996
90;2021-01-20;346;3342
90;2021-01-21;304;3646
90;2021-01-22;346;3992
90;2021-01-23;98;4090
90;2021-01-25;319;4409
90;2021-01-26;224;4633
90;2021-01-27;254;4887
91;2021-01-05;71;71
91;2021-01-06;170;241
91;2021-01-07;446;687
91;2021-01-08;353;1040
91;2021-01-09;83;1123
91;2021-01-11;509;1632
91;2021-01-12;732;2364
91;2021-01-13;531;2895
91;2021-01-14;519;3414
91;2021-01-15;403;3817
91;2021-01-16;314;4131
91;2021-01-17;115;4246
91;2021-01-18;904;5150
91;2021-01-19;1645;6795
91;2021-01-20;1872;8667
91;2021-01-21;1542;10209
91;2021-01-22;1579;11788
91;2021-01-23;404;12192
91;2021-01-24;40;12232
91;2021-01-25;963;13195
91;2021-01-26;1355;14550
91;2021-01-27;1994;16544
92;2020-12-29;15;15
92;2020-12-30;5;20
92;2021-01-01;8;28
92;2021-01-04;52;80
92;2021-01-05;178;258
92;2021-01-06;302;560
92;2021-01-07;425;985
92;2021-01-08;539;1524
92;2021-01-09;90;1614
92;2021-01-10;16;1630
92;2021-01-11;556;2186
92;2021-01-12;895;3081
92;2021-01-13;787;3868
92;2021-01-14;733;4601
92;2021-01-15;501;5102
92;2021-01-16;131;5233
92;2021-01-17;3;5236
92;2021-01-18;1223;6459
92;2021-01-19;1265;7724
92;2021-01-20;1464;9188
92;2021-01-21;2649;11837
92;2021-01-22;2091;13928
92;2021-01-23;124;14052
92;2021-01-24;6;14058
92;2021-01-25;668;14726
92;2021-01-26;1064;15790
92;2021-01-27;1727;17517
93;2020-12-27;9;9
93;2020-12-30;39;48
93;2020-12-31;1;49
93;2021-01-01;1;50
93;2021-01-05;21;71
93;2021-01-06;137;208
93;2021-01-07;281;489
93;2021-01-08;421;910
93;2021-01-09;18;928
93;2021-01-11;343;1271
93;2021-01-12;469;1740
93;2021-01-13;534;2274
93;2021-01-14;514;2788
93;2021-01-15;325;3113
93;2021-01-16;97;3210
93;2021-01-17;5;3215
93;2021-01-18;955;4170
93;2021-01-19;1283;5453
93;2021-01-20;1340;6793
93;2021-01-21;1556;8349
93;2021-01-22;1191;9540
93;2021-01-23;666;10206
93;2021-01-25;1058;11264
93;2021-01-26;1209;12473
93;2021-01-27;1778;14251
94;2020-12-31;1;1
94;2021-01-04;22;23
94;2021-01-05;169;192
94;2021-01-06;258;450
94;2021-01-07;526;976
94;2021-01-08;567;1543
94;2021-01-09;46;1589
94;2021-01-10;18;1607
94;2021-01-11;579;2186
94;2021-01-12;686;2872
94;2021-01-13;850;3722
94;2021-01-14;1057;4779
94;2021-01-15;760;5539
94;2021-01-16;187;5726
94;2021-01-17;81;5807
94;2021-01-18;1022;6829
94;2021-01-19;1560;8389
94;2021-01-20;1707;10096
94;2021-01-21;2152;12248
94;2021-01-22;1552;13800
94;2021-01-23;550;14350
94;2021-01-24;280;14630
94;2021-01-25;1168;15798
94;2021-01-26;1273;17071
94;2021-01-27;1300;18371
95;2021-01-04;46;46
95;2021-01-05;281;327
95;2021-01-06;144;471
95;2021-01-07;107;578
95;2021-01-08;219;797
95;2021-01-09;249;1046
95;2021-01-10;376;1422
95;2021-01-11;401;1823
95;2021-01-12;469;2292
95;2021-01-13;636;2928
95;2021-01-14;799;3727
95;2021-01-15;716;4443
95;2021-01-16;293;4736
95;2021-01-17;210;4946
95;2021-01-18;1309;6255
95;2021-01-19;1340;7595
95;2021-01-20;1727;9322
95;2021-01-21;1726;11048
95;2021-01-22;1209;12257
95;2021-01-23;626;12883
95;2021-01-24;177;13060
95;2021-01-25;759;13819
95;2021-01-26;932;14751
95;2021-01-27;1191;15942
971;2021-01-12;20;20
971;2021-01-13;6;26
971;2021-01-14;24;50
971;2021-01-15;24;74
971;2021-01-18;29;103
971;2021-01-19;48;151
971;2021-01-20;42;193
971;2021-01-21;56;249
971;2021-01-22;35;284
971;2021-01-25;68;352
971;2021-01-26;61;413
971;2021-01-27;109;522
972;2021-01-06;5;5
972;2021-01-07;30;35
972;2021-01-08;76;111
972;2021-01-09;20;131
972;2021-01-11;111;242
972;2021-01-12;75;317
972;2021-01-13;59;376
972;2021-01-14;80;456
972;2021-01-15;118;574
972;2021-01-16;49;623
972;2021-01-18;145;768
972;2021-01-19;123;891
972;2021-01-20;156;1047
972;2021-01-21;161;1208
972;2021-01-22;147;1355
972;2021-01-23;56;1411
972;2021-01-25;146;1557
972;2021-01-26;111;1668
972;2021-01-27;154;1822
973;2021-01-13;29;29
973;2021-01-14;46;75
973;2021-01-15;34;109
973;2021-01-16;17;126
973;2021-01-18;61;187
973;2021-01-19;141;328
973;2021-01-20;119;447
973;2021-01-21;107;554
973;2021-01-22;63;617
973;2021-01-25;56;673
973;2021-01-26;96;769
973;2021-01-27;103;872
974;2021-01-05;1;1
974;2021-01-15;125;126
974;2021-01-16;20;146
974;2021-01-18;49;195
974;2021-01-19;366;561
974;2021-01-20;347;908
974;2021-01-21;510;1418
974;2021-01-22;370;1788
974;2021-01-23;72;1860
974;2021-01-25;233;2093
974;2021-01-26;339;2432
974;2021-01-27;248;2680
976;2021-01-25;49;49
976;2021-01-26;34;83
976;2021-01-27;90;173
977;2021-01-18;1;1
