reg;clage_vacsi;jour;n_dose1;n_cum_dose1
01;0;2021-01-12;20;20
01;0;2021-01-13;6;26
01;0;2021-01-14;24;50
01;0;2021-01-15;24;74
01;0;2021-01-18;29;103
01;0;2021-01-19;48;151
01;0;2021-01-20;42;193
01;0;2021-01-21;56;249
01;0;2021-01-22;35;284
01;0;2021-01-25;68;352
01;0;2021-01-26;61;413
01;0;2021-01-27;109;522
01;29;2021-01-27;1;1
01;39;2021-01-12;1;1
01;39;2021-01-18;1;2
01;39;2021-01-22;3;5
01;39;2021-01-27;4;9
01;49;2021-01-14;1;1
01;49;2021-01-20;1;2
01;49;2021-01-21;1;3
01;49;2021-01-22;2;5
01;49;2021-01-25;2;7
01;49;2021-01-26;2;9
01;49;2021-01-27;3;12
01;59;2021-01-12;8;8
01;59;2021-01-14;9;17
01;59;2021-01-15;11;28
01;59;2021-01-18;10;38
01;59;2021-01-19;15;53
01;59;2021-01-20;8;61
01;59;2021-01-21;18;79
01;59;2021-01-22;8;87
01;59;2021-01-25;7;94
01;59;2021-01-26;9;103
01;59;2021-01-27;8;111
01;64;2021-01-12;8;8
01;64;2021-01-14;9;17
01;64;2021-01-15;4;21
01;64;2021-01-18;4;25
01;64;2021-01-19;7;32
01;64;2021-01-20;9;41
01;64;2021-01-21;6;47
01;64;2021-01-22;4;51
01;64;2021-01-25;2;53
01;64;2021-01-26;2;55
01;64;2021-01-27;9;64
01;69;2021-01-12;2;2
01;69;2021-01-14;4;6
01;69;2021-01-15;4;10
01;69;2021-01-18;3;13
01;69;2021-01-19;5;18
01;69;2021-01-20;5;23
01;69;2021-01-21;7;30
01;69;2021-01-22;3;33
01;69;2021-01-25;7;40
01;69;2021-01-26;3;43
01;69;2021-01-27;14;57
01;74;2021-01-12;1;1
01;74;2021-01-15;1;2
01;74;2021-01-18;4;6
01;74;2021-01-19;5;11
01;74;2021-01-20;1;12
01;74;2021-01-21;6;18
01;74;2021-01-22;5;23
01;74;2021-01-25;12;35
01;74;2021-01-26;8;43
01;74;2021-01-27;11;54
01;79;2021-01-15;3;3
01;79;2021-01-18;3;6
01;79;2021-01-19;7;13
01;79;2021-01-20;8;21
01;79;2021-01-21;5;26
01;79;2021-01-22;6;32
01;79;2021-01-25;13;45
01;79;2021-01-26;16;61
01;79;2021-01-27;19;80
01;80;2021-01-13;6;6
01;80;2021-01-14;1;7
01;80;2021-01-15;1;8
01;80;2021-01-18;4;12
01;80;2021-01-19;9;21
01;80;2021-01-20;10;31
01;80;2021-01-21;13;44
01;80;2021-01-22;4;48
01;80;2021-01-25;25;73
01;80;2021-01-26;21;94
01;80;2021-01-27;40;134
02;0;2021-01-06;5;5
02;0;2021-01-07;30;35
02;0;2021-01-08;76;111
02;0;2021-01-09;20;131
02;0;2021-01-11;111;242
02;0;2021-01-12;75;317
02;0;2021-01-13;59;376
02;0;2021-01-14;80;456
02;0;2021-01-15;118;574
02;0;2021-01-16;49;623
02;0;2021-01-18;145;768
02;0;2021-01-19;123;891
02;0;2021-01-20;156;1047
02;0;2021-01-21;161;1208
02;0;2021-01-22;147;1355
02;0;2021-01-23;56;1411
02;0;2021-01-25;146;1557
02;0;2021-01-26;111;1668
02;0;2021-01-27;154;1822
02;24;2021-01-11;1;1
02;24;2021-01-14;1;2
02;24;2021-01-15;1;3
02;24;2021-01-19;1;4
02;24;2021-01-20;2;6
02;24;2021-01-25;2;8
02;29;2021-01-12;1;1
02;29;2021-01-13;1;2
02;29;2021-01-14;1;3
02;29;2021-01-15;1;4
02;29;2021-01-16;3;7
02;29;2021-01-18;4;11
02;29;2021-01-19;1;12
02;29;2021-01-20;1;13
02;29;2021-01-22;1;14
02;29;2021-01-23;1;15
02;29;2021-01-25;5;20
02;29;2021-01-26;3;23
02;29;2021-01-27;2;25
02;39;2021-01-07;2;2
02;39;2021-01-09;1;3
02;39;2021-01-11;2;5
02;39;2021-01-12;3;8
02;39;2021-01-13;2;10
02;39;2021-01-14;4;14
02;39;2021-01-15;7;21
02;39;2021-01-16;5;26
02;39;2021-01-18;1;27
02;39;2021-01-19;6;33
02;39;2021-01-20;2;35
02;39;2021-01-21;3;38
02;39;2021-01-22;5;43
02;39;2021-01-23;3;46
02;39;2021-01-25;8;54
02;39;2021-01-26;6;60
02;39;2021-01-27;3;63
02;49;2021-01-08;1;1
02;49;2021-01-09;1;2
02;49;2021-01-11;7;9
02;49;2021-01-12;6;15
02;49;2021-01-13;6;21
02;49;2021-01-14;7;28
02;49;2021-01-15;11;39
02;49;2021-01-16;2;41
02;49;2021-01-18;6;47
02;49;2021-01-19;4;51
02;49;2021-01-20;3;54
02;49;2021-01-21;4;58
02;49;2021-01-22;4;62
02;49;2021-01-23;2;64
02;49;2021-01-25;4;68
02;49;2021-01-26;8;76
02;49;2021-01-27;4;80
02;59;2021-01-06;1;1
02;59;2021-01-07;18;19
02;59;2021-01-08;26;45
02;59;2021-01-11;25;70
02;59;2021-01-12;21;91
02;59;2021-01-13;15;106
02;59;2021-01-14;24;130
02;59;2021-01-15;17;147
02;59;2021-01-16;10;157
02;59;2021-01-18;12;169
02;59;2021-01-19;8;177
02;59;2021-01-20;16;193
02;59;2021-01-21;17;210
02;59;2021-01-22;22;232
02;59;2021-01-23;3;235
02;59;2021-01-25;20;255
02;59;2021-01-26;12;267
02;59;2021-01-27;21;288
02;64;2021-01-06;4;4
02;64;2021-01-07;5;9
02;64;2021-01-08;16;25
02;64;2021-01-09;1;26
02;64;2021-01-11;19;45
02;64;2021-01-12;11;56
02;64;2021-01-13;11;67
02;64;2021-01-14;17;84
02;64;2021-01-15;18;102
02;64;2021-01-16;6;108
02;64;2021-01-18;12;120
02;64;2021-01-19;11;131
02;64;2021-01-20;12;143
02;64;2021-01-21;19;162
02;64;2021-01-22;18;180
02;64;2021-01-23;5;185
02;64;2021-01-25;17;202
02;64;2021-01-26;12;214
02;64;2021-01-27;8;222
02;69;2021-01-07;2;2
02;69;2021-01-08;6;8
02;69;2021-01-09;2;10
02;69;2021-01-11;7;17
02;69;2021-01-12;9;26
02;69;2021-01-13;12;38
02;69;2021-01-14;12;50
02;69;2021-01-15;19;69
02;69;2021-01-16;10;79
02;69;2021-01-18;17;96
02;69;2021-01-19;9;105
02;69;2021-01-20;18;123
02;69;2021-01-21;13;136
02;69;2021-01-22;10;146
02;69;2021-01-23;8;154
02;69;2021-01-25;9;163
02;69;2021-01-26;10;173
02;69;2021-01-27;10;183
02;74;2021-01-07;2;2
02;74;2021-01-08;7;9
02;74;2021-01-11;17;26
02;74;2021-01-12;11;37
02;74;2021-01-13;6;43
02;74;2021-01-14;2;45
02;74;2021-01-15;11;56
02;74;2021-01-16;7;63
02;74;2021-01-18;13;76
02;74;2021-01-19;16;92
02;74;2021-01-20;16;108
02;74;2021-01-21;17;125
02;74;2021-01-22;15;140
02;74;2021-01-23;3;143
02;74;2021-01-25;19;162
02;74;2021-01-26;16;178
02;74;2021-01-27;34;212
02;79;2021-01-07;1;1
02;79;2021-01-08;5;6
02;79;2021-01-09;2;8
02;79;2021-01-11;3;11
02;79;2021-01-12;3;14
02;79;2021-01-13;3;17
02;79;2021-01-14;2;19
02;79;2021-01-15;13;32
02;79;2021-01-16;3;35
02;79;2021-01-18;49;84
02;79;2021-01-19;38;122
02;79;2021-01-20;49;171
02;79;2021-01-21;43;214
02;79;2021-01-22;39;253
02;79;2021-01-23;17;270
02;79;2021-01-25;31;301
02;79;2021-01-26;22;323
02;79;2021-01-27;42;365
02;80;2021-01-08;15;15
02;80;2021-01-09;13;28
02;80;2021-01-11;30;58
02;80;2021-01-12;10;68
02;80;2021-01-13;3;71
02;80;2021-01-14;10;81
02;80;2021-01-15;20;101
02;80;2021-01-16;3;104
02;80;2021-01-18;31;135
02;80;2021-01-19;29;164
02;80;2021-01-20;37;201
02;80;2021-01-21;45;246
02;80;2021-01-22;33;279
02;80;2021-01-23;14;293
02;80;2021-01-25;31;324
02;80;2021-01-26;22;346
02;80;2021-01-27;30;376
03;0;2021-01-13;29;29
03;0;2021-01-14;46;75
03;0;2021-01-15;34;109
03;0;2021-01-16;17;126
03;0;2021-01-18;61;187
03;0;2021-01-19;141;328
03;0;2021-01-20;119;447
03;0;2021-01-21;107;554
03;0;2021-01-22;63;617
03;0;2021-01-25;56;673
03;0;2021-01-26;96;769
03;0;2021-01-27;103;872
03;29;2021-01-14;3;3
03;29;2021-01-19;1;4
03;29;2021-01-20;2;6
03;29;2021-01-21;1;7
03;29;2021-01-22;1;8
03;29;2021-01-25;1;9
03;29;2021-01-26;7;16
03;29;2021-01-27;3;19
03;39;2021-01-13;1;1
03;39;2021-01-15;1;2
03;39;2021-01-19;8;10
03;39;2021-01-20;5;15
03;39;2021-01-22;2;17
03;39;2021-01-25;4;21
03;39;2021-01-26;3;24
03;39;2021-01-27;12;36
03;49;2021-01-13;3;3
03;49;2021-01-14;6;9
03;49;2021-01-15;1;10
03;49;2021-01-18;4;14
03;49;2021-01-19;11;25
03;49;2021-01-20;7;32
03;49;2021-01-21;8;40
03;49;2021-01-22;2;42
03;49;2021-01-25;3;45
03;49;2021-01-26;5;50
03;49;2021-01-27;9;59
03;59;2021-01-13;4;4
03;59;2021-01-14;17;21
03;59;2021-01-15;8;29
03;59;2021-01-16;6;35
03;59;2021-01-18;13;48
03;59;2021-01-19;38;86
03;59;2021-01-20;25;111
03;59;2021-01-21;11;122
03;59;2021-01-22;9;131
03;59;2021-01-25;13;144
03;59;2021-01-26;23;167
03;59;2021-01-27;29;196
03;64;2021-01-13;3;3
03;64;2021-01-14;10;13
03;64;2021-01-15;10;23
03;64;2021-01-16;6;29
03;64;2021-01-18;7;36
03;64;2021-01-19;16;52
03;64;2021-01-20;16;68
03;64;2021-01-21;10;78
03;64;2021-01-22;6;84
03;64;2021-01-25;4;88
03;64;2021-01-26;14;102
03;64;2021-01-27;9;111
03;69;2021-01-13;3;3
03;69;2021-01-14;4;7
03;69;2021-01-15;6;13
03;69;2021-01-16;2;15
03;69;2021-01-18;6;21
03;69;2021-01-19;16;37
03;69;2021-01-20;9;46
03;69;2021-01-21;8;54
03;69;2021-01-22;7;61
03;69;2021-01-25;6;67
03;69;2021-01-26;7;74
03;69;2021-01-27;10;84
03;74;2021-01-13;1;1
03;74;2021-01-14;3;4
03;74;2021-01-15;3;7
03;74;2021-01-16;1;8
03;74;2021-01-18;10;18
03;74;2021-01-19;8;26
03;74;2021-01-20;6;32
03;74;2021-01-21;9;41
03;74;2021-01-22;8;49
03;74;2021-01-25;4;53
03;74;2021-01-26;3;56
03;74;2021-01-27;7;63
03;79;2021-01-13;5;5
03;79;2021-01-14;3;8
03;79;2021-01-15;1;9
03;79;2021-01-16;1;10
03;79;2021-01-18;7;17
03;79;2021-01-19;19;36
03;79;2021-01-20;22;58
03;79;2021-01-21;32;90
03;79;2021-01-22;13;103
03;79;2021-01-25;7;110
03;79;2021-01-26;19;129
03;79;2021-01-27;17;146
03;80;2021-01-13;9;9
03;80;2021-01-15;4;13
03;80;2021-01-16;1;14
03;80;2021-01-18;14;28
03;80;2021-01-19;24;52
03;80;2021-01-20;27;79
03;80;2021-01-21;28;107
03;80;2021-01-22;15;122
03;80;2021-01-25;14;136
03;80;2021-01-26;15;151
03;80;2021-01-27;7;158
04;0;2021-01-05;1;1
04;0;2021-01-15;125;126
04;0;2021-01-16;20;146
04;0;2021-01-18;49;195
04;0;2021-01-19;366;561
04;0;2021-01-20;347;908
04;0;2021-01-21;510;1418
04;0;2021-01-22;370;1788
04;0;2021-01-23;72;1860
04;0;2021-01-25;233;2093
04;0;2021-01-26;339;2432
04;0;2021-01-27;248;2680
04;24;2021-01-19;1;1
04;24;2021-01-21;1;2
04;24;2021-01-25;2;4
04;29;2021-01-15;2;2
04;29;2021-01-20;11;13
04;29;2021-01-21;9;22
04;29;2021-01-22;14;36
04;29;2021-01-23;1;37
04;29;2021-01-25;6;43
04;29;2021-01-26;5;48
04;29;2021-01-27;1;49
04;39;2021-01-15;2;2
04;39;2021-01-19;12;14
04;39;2021-01-20;39;53
04;39;2021-01-21;29;82
04;39;2021-01-22;42;124
04;39;2021-01-23;8;132
04;39;2021-01-25;21;153
04;39;2021-01-26;5;158
04;39;2021-01-27;8;166
04;49;2021-01-15;11;11
04;49;2021-01-16;1;12
04;49;2021-01-18;6;18
04;49;2021-01-19;9;27
04;49;2021-01-20;44;71
04;49;2021-01-21;32;103
04;49;2021-01-22;29;132
04;49;2021-01-23;2;134
04;49;2021-01-25;14;148
04;49;2021-01-26;15;163
04;49;2021-01-27;8;171
04;59;2021-01-15;7;7
04;59;2021-01-16;1;8
04;59;2021-01-18;19;27
04;59;2021-01-19;127;154
04;59;2021-01-20;131;285
04;59;2021-01-21;207;492
04;59;2021-01-22;128;620
04;59;2021-01-23;28;648
04;59;2021-01-25;58;706
04;59;2021-01-26;57;763
04;59;2021-01-27;46;809
04;64;2021-01-15;5;5
04;64;2021-01-16;3;8
04;64;2021-01-18;7;15
04;64;2021-01-19;55;70
04;64;2021-01-20;48;118
04;64;2021-01-21;102;220
04;64;2021-01-22;70;290
04;64;2021-01-23;14;304
04;64;2021-01-25;21;325
04;64;2021-01-26;37;362
04;64;2021-01-27;29;391
04;69;2021-01-05;1;1
04;69;2021-01-15;14;15
04;69;2021-01-16;3;18
04;69;2021-01-18;4;22
04;69;2021-01-19;34;56
04;69;2021-01-20;18;74
04;69;2021-01-21;57;131
04;69;2021-01-22;35;166
04;69;2021-01-23;12;178
04;69;2021-01-25;17;195
04;69;2021-01-26;30;225
04;69;2021-01-27;24;249
04;74;2021-01-15;13;13
04;74;2021-01-16;1;14
04;74;2021-01-19;26;40
04;74;2021-01-20;13;53
04;74;2021-01-21;42;95
04;74;2021-01-22;23;118
04;74;2021-01-23;3;121
04;74;2021-01-25;16;137
04;74;2021-01-26;27;164
04;74;2021-01-27;11;175
04;79;2021-01-15;21;21
04;79;2021-01-16;5;26
04;79;2021-01-18;3;29
04;79;2021-01-19;25;54
04;79;2021-01-20;8;62
04;79;2021-01-21;19;81
04;79;2021-01-22;11;92
04;79;2021-01-23;2;94
04;79;2021-01-25;49;143
04;79;2021-01-26;46;189
04;79;2021-01-27;54;243
04;80;2021-01-15;50;50
04;80;2021-01-16;6;56
04;80;2021-01-18;10;66
04;80;2021-01-19;77;143
04;80;2021-01-20;35;178
04;80;2021-01-21;12;190
04;80;2021-01-22;18;208
04;80;2021-01-23;2;210
04;80;2021-01-25;28;238
04;80;2021-01-26;117;355
04;80;2021-01-27;67;422
06;0;2021-01-25;49;49
06;0;2021-01-26;34;83
06;0;2021-01-27;90;173
06;29;2021-01-27;2;2
06;39;2021-01-25;5;5
06;39;2021-01-26;3;8
06;39;2021-01-27;6;14
06;49;2021-01-25;2;2
06;49;2021-01-26;7;9
06;49;2021-01-27;4;13
06;59;2021-01-25;31;31
06;59;2021-01-26;11;42
06;59;2021-01-27;23;65
06;64;2021-01-25;4;4
06;64;2021-01-26;2;6
06;64;2021-01-27;7;13
06;69;2021-01-25;5;5
06;69;2021-01-26;2;7
06;69;2021-01-27;6;13
06;74;2021-01-26;4;4
06;74;2021-01-27;4;8
06;79;2021-01-25;1;1
06;79;2021-01-26;3;4
06;79;2021-01-27;16;20
06;80;2021-01-25;1;1
06;80;2021-01-26;2;3
06;80;2021-01-27;22;25
07;0;2021-01-18;1;1
07;69;2021-01-18;1;1
11;0;2020-12-27;9;9
11;0;2020-12-29;19;28
11;0;2020-12-30;63;91
11;0;2020-12-31;36;127
11;0;2021-01-01;9;136
11;0;2021-01-02;40;176
11;0;2021-01-03;72;248
11;0;2021-01-04;519;767
11;0;2021-01-05;1656;2423
11;0;2021-01-06;2306;4729
11;0;2021-01-07;3922;8651
11;0;2021-01-08;5065;13716
11;0;2021-01-09;1716;15432
11;0;2021-01-10;1550;16982
11;0;2021-01-11;4900;21882
11;0;2021-01-12;6545;28427
11;0;2021-01-13;6422;34849
11;0;2021-01-14;7101;41950
11;0;2021-01-15;5949;47899
11;0;2021-01-16;1561;49460
11;0;2021-01-17;624;50084
11;0;2021-01-18;9763;59847
11;0;2021-01-19;13282;73129
11;0;2021-01-20;15298;88427
11;0;2021-01-21;18357;106784
11;0;2021-01-22;14357;121141
11;0;2021-01-23;4345;125486
11;0;2021-01-24;962;126448
11;0;2021-01-25;7779;134227
11;0;2021-01-26;10834;145061
11;0;2021-01-27;13362;158423
11;24;2021-01-03;1;1
11;24;2021-01-04;2;3
11;24;2021-01-05;4;7
11;24;2021-01-06;1;8
11;24;2021-01-07;10;18
11;24;2021-01-08;19;37
11;24;2021-01-09;6;43
11;24;2021-01-10;4;47
11;24;2021-01-11;14;61
11;24;2021-01-12;25;86
11;24;2021-01-13;39;125
11;24;2021-01-14;43;168
11;24;2021-01-15;33;201
11;24;2021-01-16;11;212
11;24;2021-01-17;1;213
11;24;2021-01-18;35;248
11;24;2021-01-19;59;307
11;24;2021-01-20;35;342
11;24;2021-01-21;54;396
11;24;2021-01-22;47;443
11;24;2021-01-23;7;450
11;24;2021-01-24;1;451
11;24;2021-01-25;6;457
11;24;2021-01-26;13;470
11;24;2021-01-27;21;491
11;29;2021-01-02;1;1
11;29;2021-01-03;2;3
11;29;2021-01-04;2;5
11;29;2021-01-05;6;11
11;29;2021-01-06;22;33
11;29;2021-01-07;43;76
11;29;2021-01-08;64;140
11;29;2021-01-09;16;156
11;29;2021-01-10;14;170
11;29;2021-01-11;78;248
11;29;2021-01-12;126;374
11;29;2021-01-13;171;545
11;29;2021-01-14;189;734
11;29;2021-01-15;112;846
11;29;2021-01-16;23;869
11;29;2021-01-17;13;882
11;29;2021-01-18;157;1039
11;29;2021-01-19;131;1170
11;29;2021-01-20;123;1293
11;29;2021-01-21;147;1440
11;29;2021-01-22;160;1600
11;29;2021-01-23;16;1616
11;29;2021-01-24;2;1618
11;29;2021-01-25;38;1656
11;29;2021-01-26;38;1694
11;29;2021-01-27;67;1761
11;39;2021-01-03;2;2
11;39;2021-01-04;5;7
11;39;2021-01-05;33;40
11;39;2021-01-06;96;136
11;39;2021-01-07;151;287
11;39;2021-01-08;268;555
11;39;2021-01-09;51;606
11;39;2021-01-10;57;663
11;39;2021-01-11;283;946
11;39;2021-01-12;482;1428
11;39;2021-01-13;506;1934
11;39;2021-01-14;626;2560
11;39;2021-01-15;424;2984
11;39;2021-01-16;92;3076
11;39;2021-01-17;69;3145
11;39;2021-01-18;440;3585
11;39;2021-01-19;434;4019
11;39;2021-01-20;451;4470
11;39;2021-01-21;530;5000
11;39;2021-01-22;491;5491
11;39;2021-01-23;51;5542
11;39;2021-01-24;10;5552
11;39;2021-01-25;121;5673
11;39;2021-01-26;141;5814
11;39;2021-01-27;250;6064
11;49;2020-12-30;1;1
11;49;2021-01-01;1;2
11;49;2021-01-02;5;7
11;49;2021-01-03;1;8
11;49;2021-01-04;17;25
11;49;2021-01-05;82;107
11;49;2021-01-06;148;255
11;49;2021-01-07;246;501
11;49;2021-01-08;411;912
11;49;2021-01-09;125;1037
11;49;2021-01-10;93;1130
11;49;2021-01-11;550;1680
11;49;2021-01-12;740;2420
11;49;2021-01-13;776;3196
11;49;2021-01-14;927;4123
11;49;2021-01-15;680;4803
11;49;2021-01-16;140;4943
11;49;2021-01-17;67;5010
11;49;2021-01-18;571;5581
11;49;2021-01-19;652;6233
11;49;2021-01-20;690;6923
11;49;2021-01-21;739;7662
11;49;2021-01-22;686;8348
11;49;2021-01-23;69;8417
11;49;2021-01-24;23;8440
11;49;2021-01-25;149;8589
11;49;2021-01-26;243;8832
11;49;2021-01-27;357;9189
11;59;2020-12-30;3;3
11;59;2020-12-31;1;4
11;59;2021-01-01;6;10
11;59;2021-01-02;18;28
11;59;2021-01-03;25;53
11;59;2021-01-04;196;249
11;59;2021-01-05;529;778
11;59;2021-01-06;873;1651
11;59;2021-01-07;1297;2948
11;59;2021-01-08;1745;4693
11;59;2021-01-09;467;5160
11;59;2021-01-10;391;5551
11;59;2021-01-11;1874;7425
11;59;2021-01-12;2306;9731
11;59;2021-01-13;2222;11953
11;59;2021-01-14;2315;14268
11;59;2021-01-15;1718;15986
11;59;2021-01-16;362;16348
11;59;2021-01-17;131;16479
11;59;2021-01-18;1248;17727
11;59;2021-01-19;1554;19281
11;59;2021-01-20;1587;20868
11;59;2021-01-21;1622;22490
11;59;2021-01-22;1336;23826
11;59;2021-01-23;195;24021
11;59;2021-01-24;34;24055
11;59;2021-01-25;468;24523
11;59;2021-01-26;609;25132
11;59;2021-01-27;785;25917
11;64;2020-12-30;5;5
11;64;2021-01-01;1;6
11;64;2021-01-02;8;14
11;64;2021-01-03;19;33
11;64;2021-01-04;87;120
11;64;2021-01-05;311;431
11;64;2021-01-06;460;891
11;64;2021-01-07;658;1549
11;64;2021-01-08;894;2443
11;64;2021-01-09;330;2773
11;64;2021-01-10;320;3093
11;64;2021-01-11;867;3960
11;64;2021-01-12;1107;5067
11;64;2021-01-13;981;6048
11;64;2021-01-14;1077;7125
11;64;2021-01-15;877;8002
11;64;2021-01-16;239;8241
11;64;2021-01-17;107;8348
11;64;2021-01-18;571;8919
11;64;2021-01-19;737;9656
11;64;2021-01-20;783;10439
11;64;2021-01-21;886;11325
11;64;2021-01-22;712;12037
11;64;2021-01-23;139;12176
11;64;2021-01-24;29;12205
11;64;2021-01-25;273;12478
11;64;2021-01-26;348;12826
11;64;2021-01-27;446;13272
11;69;2020-12-27;2;2
11;69;2020-12-30;6;8
11;69;2021-01-01;1;9
11;69;2021-01-02;4;13
11;69;2021-01-03;9;22
11;69;2021-01-04;70;92
11;69;2021-01-05;211;303
11;69;2021-01-06;277;580
11;69;2021-01-07;409;989
11;69;2021-01-08;544;1533
11;69;2021-01-09;274;1807
11;69;2021-01-10;243;2050
11;69;2021-01-11;451;2501
11;69;2021-01-12;602;3103
11;69;2021-01-13;526;3629
11;69;2021-01-14;590;4219
11;69;2021-01-15;528;4747
11;69;2021-01-16;161;4908
11;69;2021-01-17;60;4968
11;69;2021-01-18;451;5419
11;69;2021-01-19;514;5933
11;69;2021-01-20;587;6520
11;69;2021-01-21;704;7224
11;69;2021-01-22;559;7783
11;69;2021-01-23;152;7935
11;69;2021-01-24;38;7973
11;69;2021-01-25;257;8230
11;69;2021-01-26;302;8532
11;69;2021-01-27;449;8981
11;74;2020-12-29;1;1
11;74;2020-12-30;8;9
11;74;2021-01-02;3;12
11;74;2021-01-03;11;23
11;74;2021-01-04;60;83
11;74;2021-01-05;140;223
11;74;2021-01-06;195;418
11;74;2021-01-07;360;778
11;74;2021-01-08;392;1170
11;74;2021-01-09;215;1385
11;74;2021-01-10;231;1616
11;74;2021-01-11;317;1933
11;74;2021-01-12;360;2293
11;74;2021-01-13;323;2616
11;74;2021-01-14;450;3066
11;74;2021-01-15;425;3491
11;74;2021-01-16;139;3630
11;74;2021-01-17;62;3692
11;74;2021-01-18;519;4211
11;74;2021-01-19;623;4834
11;74;2021-01-20;761;5595
11;74;2021-01-21;869;6464
11;74;2021-01-22;714;7178
11;74;2021-01-23;212;7390
11;74;2021-01-24;54;7444
11;74;2021-01-25;356;7800
11;74;2021-01-26;505;8305
11;74;2021-01-27;655;8960
11;79;2020-12-27;1;1
11;79;2020-12-29;1;2
11;79;2020-12-30;7;9
11;79;2020-12-31;4;13
11;79;2021-01-02;1;14
11;79;2021-01-03;1;15
11;79;2021-01-04;24;39
11;79;2021-01-05;96;135
11;79;2021-01-06;90;225
11;79;2021-01-07;172;397
11;79;2021-01-08;239;636
11;79;2021-01-09;118;754
11;79;2021-01-10;98;852
11;79;2021-01-11;144;996
11;79;2021-01-12;206;1202
11;79;2021-01-13;228;1430
11;79;2021-01-14;279;1709
11;79;2021-01-15;440;2149
11;79;2021-01-16;188;2337
11;79;2021-01-17;51;2388
11;79;2021-01-18;2284;4672
11;79;2021-01-19;2755;7427
11;79;2021-01-20;2946;10373
11;79;2021-01-21;3440;13813
11;79;2021-01-22;3155;16968
11;79;2021-01-23;1301;18269
11;79;2021-01-24;273;18542
11;79;2021-01-25;2339;20881
11;79;2021-01-26;2842;23723
11;79;2021-01-27;2861;26584
11;80;2020-12-27;6;6
11;80;2020-12-29;17;23
11;80;2020-12-30;33;56
11;80;2020-12-31;31;87
11;80;2021-01-03;1;88
11;80;2021-01-04;56;144
11;80;2021-01-05;244;388
11;80;2021-01-06;144;532
11;80;2021-01-07;576;1108
11;80;2021-01-08;489;1597
11;80;2021-01-09;114;1711
11;80;2021-01-10;98;1809
11;80;2021-01-11;322;2131
11;80;2021-01-12;591;2722
11;80;2021-01-13;650;3372
11;80;2021-01-14;603;3975
11;80;2021-01-15;712;4687
11;80;2021-01-16;205;4892
11;80;2021-01-17;62;4954
11;80;2021-01-18;3487;8441
11;80;2021-01-19;5823;14264
11;80;2021-01-20;7334;21598
11;80;2021-01-21;9362;30960
11;80;2021-01-22;6496;37456
11;80;2021-01-23;2202;39658
11;80;2021-01-24;498;40156
11;80;2021-01-25;3770;43926
11;80;2021-01-26;5793;49719
11;80;2021-01-27;7470;57189
24;0;2020-12-28;7;7
24;0;2020-12-29;7;14
24;0;2021-01-04;4;18
24;0;2021-01-05;163;181
24;0;2021-01-06;308;489
24;0;2021-01-07;459;948
24;0;2021-01-08;912;1860
24;0;2021-01-09;496;2356
24;0;2021-01-10;393;2749
24;0;2021-01-11;1252;4001
24;0;2021-01-12;2529;6530
24;0;2021-01-13;2052;8582
24;0;2021-01-14;2403;10985
24;0;2021-01-15;1985;12970
24;0;2021-01-16;733;13703
24;0;2021-01-17;312;14015
24;0;2021-01-18;3143;17158
24;0;2021-01-19;5937;23095
24;0;2021-01-20;6731;29826
24;0;2021-01-21;7165;36991
24;0;2021-01-22;4865;41856
24;0;2021-01-23;1187;43043
24;0;2021-01-24;223;43266
24;0;2021-01-25;2839;46105
24;0;2021-01-26;4390;50495
24;0;2021-01-27;4592;55087
24;24;2021-01-09;2;2
24;24;2021-01-10;3;5
24;24;2021-01-11;1;6
24;24;2021-01-12;2;8
24;24;2021-01-13;3;11
24;24;2021-01-14;5;16
24;24;2021-01-15;4;20
24;24;2021-01-16;2;22
24;24;2021-01-17;2;24
24;24;2021-01-18;6;30
24;24;2021-01-19;19;49
24;24;2021-01-20;16;65
24;24;2021-01-21;28;93
24;24;2021-01-22;24;117
24;24;2021-01-23;1;118
24;24;2021-01-25;12;130
24;24;2021-01-26;10;140
24;24;2021-01-27;6;146
24;29;2021-01-06;2;2
24;29;2021-01-08;2;4
24;29;2021-01-10;3;7
24;29;2021-01-11;9;16
24;29;2021-01-12;8;24
24;29;2021-01-13;15;39
24;29;2021-01-14;15;54
24;29;2021-01-15;28;82
24;29;2021-01-16;3;85
24;29;2021-01-17;1;86
24;29;2021-01-18;12;98
24;29;2021-01-19;43;141
24;29;2021-01-20;27;168
24;29;2021-01-21;56;224
24;29;2021-01-22;38;262
24;29;2021-01-23;1;263
24;29;2021-01-24;2;265
24;29;2021-01-25;22;287
24;29;2021-01-26;30;317
24;29;2021-01-27;26;343
24;39;2021-01-05;2;2
24;39;2021-01-06;3;5
24;39;2021-01-07;7;12
24;39;2021-01-08;7;19
24;39;2021-01-09;14;33
24;39;2021-01-10;9;42
24;39;2021-01-11;33;75
24;39;2021-01-12;74;149
24;39;2021-01-13;59;208
24;39;2021-01-14;83;291
24;39;2021-01-15;91;382
24;39;2021-01-16;28;410
24;39;2021-01-17;6;416
24;39;2021-01-18;73;489
24;39;2021-01-19;159;648
24;39;2021-01-20;134;782
24;39;2021-01-21;222;1004
24;39;2021-01-22;144;1148
24;39;2021-01-23;24;1172
24;39;2021-01-24;2;1174
24;39;2021-01-25;69;1243
24;39;2021-01-26;89;1332
24;39;2021-01-27;92;1424
24;49;2021-01-05;1;1
24;49;2021-01-06;11;12
24;49;2021-01-07;10;22
24;49;2021-01-08;26;48
24;49;2021-01-09;37;85
24;49;2021-01-10;25;110
24;49;2021-01-11;76;186
24;49;2021-01-12;132;318
24;49;2021-01-13;131;449
24;49;2021-01-14;143;592
24;49;2021-01-15;182;774
24;49;2021-01-16;61;835
24;49;2021-01-17;19;854
24;49;2021-01-18;162;1016
24;49;2021-01-19;306;1322
24;49;2021-01-20;270;1592
24;49;2021-01-21;338;1930
24;49;2021-01-22;241;2171
24;49;2021-01-23;28;2199
24;49;2021-01-24;4;2203
24;49;2021-01-25;99;2302
24;49;2021-01-26;179;2481
24;49;2021-01-27;138;2619
24;59;2020-12-28;1;1
24;59;2020-12-29;1;2
24;59;2021-01-05;18;20
24;59;2021-01-06;59;79
24;59;2021-01-07;129;208
24;59;2021-01-08;267;475
24;59;2021-01-09;199;674
24;59;2021-01-10;159;833
24;59;2021-01-11;506;1339
24;59;2021-01-12;810;2149
24;59;2021-01-13;814;2963
24;59;2021-01-14;868;3831
24;59;2021-01-15;881;4712
24;59;2021-01-16;306;5018
24;59;2021-01-17;114;5132
24;59;2021-01-18;695;5827
24;59;2021-01-19;945;6772
24;59;2021-01-20;908;7680
24;59;2021-01-21;1064;8744
24;59;2021-01-22;671;9415
24;59;2021-01-23;89;9504
24;59;2021-01-24;11;9515
24;59;2021-01-25;281;9796
24;59;2021-01-26;468;10264
24;59;2021-01-27;391;10655
24;64;2021-01-05;7;7
24;64;2021-01-06;34;41
24;64;2021-01-07;63;104
24;64;2021-01-08;127;231
24;64;2021-01-09;107;338
24;64;2021-01-10;94;432
24;64;2021-01-11;177;609
24;64;2021-01-12;328;937
24;64;2021-01-13;264;1201
24;64;2021-01-14;331;1532
24;64;2021-01-15;311;1843
24;64;2021-01-16;149;1992
24;64;2021-01-17;56;2048
24;64;2021-01-18;239;2287
24;64;2021-01-19;352;2639
24;64;2021-01-20;359;2998
24;64;2021-01-21;335;3333
24;64;2021-01-22;282;3615
24;64;2021-01-23;43;3658
24;64;2021-01-24;3;3661
24;64;2021-01-25;134;3795
24;64;2021-01-26;198;3993
24;64;2021-01-27;166;4159
24;69;2021-01-05;6;6
24;69;2021-01-06;24;30
24;69;2021-01-07;40;70
24;69;2021-01-08;68;138
24;69;2021-01-09;68;206
24;69;2021-01-10;49;255
24;69;2021-01-11;80;335
24;69;2021-01-12;140;475
24;69;2021-01-13;127;602
24;69;2021-01-14;216;818
24;69;2021-01-15;121;939
24;69;2021-01-16;53;992
24;69;2021-01-17;25;1017
24;69;2021-01-18;94;1111
24;69;2021-01-19;212;1323
24;69;2021-01-20;185;1508
24;69;2021-01-21;187;1695
24;69;2021-01-22;141;1836
24;69;2021-01-23;28;1864
24;69;2021-01-24;7;1871
24;69;2021-01-25;93;1964
24;69;2021-01-26;142;2106
24;69;2021-01-27;142;2248
24;74;2021-01-05;5;5
24;74;2021-01-06;12;17
24;74;2021-01-07;30;47
24;74;2021-01-08;55;102
24;74;2021-01-09;52;154
24;74;2021-01-10;26;180
24;74;2021-01-11;68;248
24;74;2021-01-12;128;376
24;74;2021-01-13;95;471
24;74;2021-01-14;139;610
24;74;2021-01-15;84;694
24;74;2021-01-16;47;741
24;74;2021-01-17;21;762
24;74;2021-01-18;125;887
24;74;2021-01-19;241;1128
24;74;2021-01-20;255;1383
24;74;2021-01-21;263;1646
24;74;2021-01-22;191;1837
24;74;2021-01-23;53;1890
24;74;2021-01-24;19;1909
24;74;2021-01-25;123;2032
24;74;2021-01-26;182;2214
24;74;2021-01-27;208;2422
24;79;2020-12-28;1;1
24;79;2020-12-29;2;3
24;79;2021-01-05;9;12
24;79;2021-01-06;21;33
24;79;2021-01-07;18;51
24;79;2021-01-08;42;93
24;79;2021-01-09;13;106
24;79;2021-01-10;11;117
24;79;2021-01-11;37;154
24;79;2021-01-12;93;247
24;79;2021-01-13;85;332
24;79;2021-01-14;106;438
24;79;2021-01-15;71;509
24;79;2021-01-16;42;551
24;79;2021-01-17;30;581
24;79;2021-01-18;580;1161
24;79;2021-01-19;808;1969
24;79;2021-01-20;1031;3000
24;79;2021-01-21;966;3966
24;79;2021-01-22;945;4911
24;79;2021-01-23;340;5251
24;79;2021-01-24;72;5323
24;79;2021-01-25;729;6052
24;79;2021-01-26;839;6891
24;79;2021-01-27;1013;7904
24;80;2020-12-28;5;5
24;80;2020-12-29;4;9
24;80;2021-01-04;4;13
24;80;2021-01-05;115;128
24;80;2021-01-06;142;270
24;80;2021-01-07;162;432
24;80;2021-01-08;318;750
24;80;2021-01-09;4;754
24;80;2021-01-10;14;768
24;80;2021-01-11;265;1033
24;80;2021-01-12;814;1847
24;80;2021-01-13;458;2305
24;80;2021-01-14;495;2800
24;80;2021-01-15;212;3012
24;80;2021-01-16;42;3054
24;80;2021-01-17;38;3092
24;80;2021-01-18;1157;4249
24;80;2021-01-19;2851;7100
24;80;2021-01-20;3546;10646
24;80;2021-01-21;3706;14352
24;80;2021-01-22;2186;16538
24;80;2021-01-23;579;17117
24;80;2021-01-24;103;17220
24;80;2021-01-25;1276;18496
24;80;2021-01-26;2253;20749
24;80;2021-01-27;2408;23157
27;0;2020-12-27;4;4
27;0;2020-12-29;19;23
27;0;2020-12-30;20;43
27;0;2021-01-04;17;60
27;0;2021-01-05;258;318
27;0;2021-01-06;643;961
27;0;2021-01-07;1455;2416
27;0;2021-01-08;1688;4104
27;0;2021-01-09;675;4779
27;0;2021-01-10;2;4781
27;0;2021-01-11;2245;7026
27;0;2021-01-12;3438;10464
27;0;2021-01-13;3327;13791
27;0;2021-01-14;4155;17946
27;0;2021-01-15;3080;21026
27;0;2021-01-16;769;21795
27;0;2021-01-17;116;21911
27;0;2021-01-18;5454;27365
27;0;2021-01-19;7563;34928
27;0;2021-01-20;7289;42217
27;0;2021-01-21;8531;50748
27;0;2021-01-22;7088;57836
27;0;2021-01-23;2888;60724
27;0;2021-01-24;328;61052
27;0;2021-01-25;4699;65751
27;0;2021-01-26;6743;72494
27;0;2021-01-27;6399;78893
27;24;2021-01-06;2;2
27;24;2021-01-07;10;12
27;24;2021-01-08;11;23
27;24;2021-01-09;4;27
27;24;2021-01-11;20;47
27;24;2021-01-12;23;70
27;24;2021-01-13;19;89
27;24;2021-01-14;20;109
27;24;2021-01-15;17;126
27;24;2021-01-16;3;129
27;24;2021-01-18;14;143
27;24;2021-01-19;21;164
27;24;2021-01-20;28;192
27;24;2021-01-21;26;218
27;24;2021-01-22;21;239
27;24;2021-01-23;6;245
27;24;2021-01-24;1;246
27;24;2021-01-25;12;258
27;24;2021-01-26;10;268
27;24;2021-01-27;17;285
27;29;2021-01-05;2;2
27;29;2021-01-06;12;14
27;29;2021-01-07;14;28
27;29;2021-01-08;25;53
27;29;2021-01-09;7;60
27;29;2021-01-11;45;105
27;29;2021-01-12;34;139
27;29;2021-01-13;41;180
27;29;2021-01-14;59;239
27;29;2021-01-15;33;272
27;29;2021-01-16;11;283
27;29;2021-01-18;41;324
27;29;2021-01-19;56;380
27;29;2021-01-20;37;417
27;29;2021-01-21;52;469
27;29;2021-01-22;43;512
27;29;2021-01-23;11;523
27;29;2021-01-24;2;525
27;29;2021-01-25;13;538
27;29;2021-01-26;24;562
27;29;2021-01-27;27;589
27;39;2021-01-05;7;7
27;39;2021-01-06;25;32
27;39;2021-01-07;59;91
27;39;2021-01-08;117;208
27;39;2021-01-09;48;256
27;39;2021-01-11;140;396
27;39;2021-01-12;152;548
27;39;2021-01-13;160;708
27;39;2021-01-14;234;942
27;39;2021-01-15;164;1106
27;39;2021-01-16;32;1138
27;39;2021-01-17;2;1140
27;39;2021-01-18;142;1282
27;39;2021-01-19;164;1446
27;39;2021-01-20;140;1586
27;39;2021-01-21;192;1778
27;39;2021-01-22;177;1955
27;39;2021-01-23;15;1970
27;39;2021-01-24;1;1971
27;39;2021-01-25;39;2010
27;39;2021-01-26;94;2104
27;39;2021-01-27;89;2193
27;49;2021-01-04;1;1
27;49;2021-01-05;11;12
27;49;2021-01-06;42;54
27;49;2021-01-07;122;176
27;49;2021-01-08;210;386
27;49;2021-01-09;127;513
27;49;2021-01-11;241;754
27;49;2021-01-12;275;1029
27;49;2021-01-13;265;1294
27;49;2021-01-14;383;1677
27;49;2021-01-15;337;2014
27;49;2021-01-16;66;2080
27;49;2021-01-18;239;2319
27;49;2021-01-19;324;2643
27;49;2021-01-20;233;2876
27;49;2021-01-21;344;3220
27;49;2021-01-22;289;3509
27;49;2021-01-23;37;3546
27;49;2021-01-24;1;3547
27;49;2021-01-25;120;3667
27;49;2021-01-26;154;3821
27;49;2021-01-27;166;3987
27;59;2021-01-04;9;9
27;59;2021-01-05;159;168
27;59;2021-01-06;199;367
27;59;2021-01-07;413;780
27;59;2021-01-08;609;1389
27;59;2021-01-09;288;1677
27;59;2021-01-11;686;2363
27;59;2021-01-12;871;3234
27;59;2021-01-13;979;4213
27;59;2021-01-14;1114;5327
27;59;2021-01-15;992;6319
27;59;2021-01-16;223;6542
27;59;2021-01-17;12;6554
27;59;2021-01-18;757;7311
27;59;2021-01-19;969;8280
27;59;2021-01-20;736;9016
27;59;2021-01-21;809;9825
27;59;2021-01-22;587;10412
27;59;2021-01-23;95;10507
27;59;2021-01-24;5;10512
27;59;2021-01-25;340;10852
27;59;2021-01-26;415;11267
27;59;2021-01-27;434;11701
27;64;2020-12-27;1;1
27;64;2021-01-04;7;8
27;64;2021-01-05;56;64
27;64;2021-01-06;81;145
27;64;2021-01-07;157;302
27;64;2021-01-08;265;567
27;64;2021-01-09;115;682
27;64;2021-01-11;289;971
27;64;2021-01-12;362;1333
27;64;2021-01-13;367;1700
27;64;2021-01-14;427;2127
27;64;2021-01-15;368;2495
27;64;2021-01-16;98;2593
27;64;2021-01-17;4;2597
27;64;2021-01-18;300;2897
27;64;2021-01-19;353;3250
27;64;2021-01-20;290;3540
27;64;2021-01-21;312;3852
27;64;2021-01-22;262;4114
27;64;2021-01-23;77;4191
27;64;2021-01-24;6;4197
27;64;2021-01-25;163;4360
27;64;2021-01-26;169;4529
27;64;2021-01-27;219;4748
27;69;2021-01-05;11;11
27;69;2021-01-06;27;38
27;69;2021-01-07;124;162
27;69;2021-01-08;126;288
27;69;2021-01-09;45;333
27;69;2021-01-10;1;334
27;69;2021-01-11;177;511
27;69;2021-01-12;176;687
27;69;2021-01-13;215;902
27;69;2021-01-14;260;1162
27;69;2021-01-15;150;1312
27;69;2021-01-16;55;1367
27;69;2021-01-17;6;1373
27;69;2021-01-18;192;1565
27;69;2021-01-19;260;1825
27;69;2021-01-20;210;2035
27;69;2021-01-21;253;2288
27;69;2021-01-22;205;2493
27;69;2021-01-23;80;2573
27;69;2021-01-24;10;2583
27;69;2021-01-25;137;2720
27;69;2021-01-26;191;2911
27;69;2021-01-27;213;3124
27;74;2021-01-05;11;11
27;74;2021-01-06;24;35
27;74;2021-01-07;78;113
27;74;2021-01-08;83;196
27;74;2021-01-09;23;219
27;74;2021-01-10;1;220
27;74;2021-01-11;150;370
27;74;2021-01-12;174;544
27;74;2021-01-13;153;697
27;74;2021-01-14;209;906
27;74;2021-01-15;143;1049
27;74;2021-01-16;41;1090
27;74;2021-01-17;8;1098
27;74;2021-01-18;265;1363
27;74;2021-01-19;331;1694
27;74;2021-01-20;281;1975
27;74;2021-01-21;375;2350
27;74;2021-01-22;310;2660
27;74;2021-01-23;136;2796
27;74;2021-01-24;11;2807
27;74;2021-01-25;221;3028
27;74;2021-01-26;303;3331
27;74;2021-01-27;298;3629
27;79;2020-12-29;5;5
27;79;2020-12-30;2;7
27;79;2021-01-06;17;24
27;79;2021-01-07;51;75
27;79;2021-01-08;51;126
27;79;2021-01-09;9;135
27;79;2021-01-11;90;225
27;79;2021-01-12;145;370
27;79;2021-01-13;159;529
27;79;2021-01-14;280;809
27;79;2021-01-15;256;1065
27;79;2021-01-16;101;1166
27;79;2021-01-17;38;1204
27;79;2021-01-18;1422;2626
27;79;2021-01-19;1737;4363
27;79;2021-01-20;1686;6049
27;79;2021-01-21;1779;7828
27;79;2021-01-22;1605;9433
27;79;2021-01-23;924;10357
27;79;2021-01-24;76;10433
27;79;2021-01-25;1411;11844
27;79;2021-01-26;1739;13583
27;79;2021-01-27;1535;15118
27;80;2020-12-27;3;3
27;80;2020-12-29;14;17
27;80;2020-12-30;18;35
27;80;2021-01-05;1;36
27;80;2021-01-06;214;250
27;80;2021-01-07;427;677
27;80;2021-01-08;191;868
27;80;2021-01-09;9;877
27;80;2021-01-11;406;1283
27;80;2021-01-12;1226;2509
27;80;2021-01-13;967;3476
27;80;2021-01-14;1168;4644
27;80;2021-01-15;619;5263
27;80;2021-01-16;137;5400
27;80;2021-01-17;46;5446
27;80;2021-01-18;2082;7528
27;80;2021-01-19;3348;10876
27;80;2021-01-20;3647;14523
27;80;2021-01-21;4389;18912
27;80;2021-01-22;3589;22501
27;80;2021-01-23;1506;24007
27;80;2021-01-24;215;24222
27;80;2021-01-25;2243;26465
27;80;2021-01-26;3644;30109
27;80;2021-01-27;3400;33509
28;0;2020-12-31;1;1
28;0;2021-01-04;16;17
28;0;2021-01-05;166;183
28;0;2021-01-06;1330;1513
28;0;2021-01-07;2463;3976
28;0;2021-01-08;3201;7177
28;0;2021-01-09;1312;8489
28;0;2021-01-10;695;9184
28;0;2021-01-11;2938;12122
28;0;2021-01-12;3717;15839
28;0;2021-01-13;4022;19861
28;0;2021-01-14;7240;27101
28;0;2021-01-15;5793;32894
28;0;2021-01-16;2033;34927
28;0;2021-01-17;3845;38772
28;0;2021-01-18;8151;46923
28;0;2021-01-19;6684;53607
28;0;2021-01-20;5981;59588
28;0;2021-01-21;5694;65282
28;0;2021-01-22;5215;70497
28;0;2021-01-23;1971;72468
28;0;2021-01-24;1421;73889
28;0;2021-01-25;5784;79673
28;0;2021-01-26;4227;83900
28;0;2021-01-27;3732;87632
28;24;2021-01-06;2;2
28;24;2021-01-07;7;9
28;24;2021-01-08;25;34
28;24;2021-01-09;4;38
28;24;2021-01-10;6;44
28;24;2021-01-11;19;63
28;24;2021-01-12;19;82
28;24;2021-01-13;37;119
28;24;2021-01-14;64;183
28;24;2021-01-15;58;241
28;24;2021-01-16;19;260
28;24;2021-01-17;32;292
28;24;2021-01-18;56;348
28;24;2021-01-19;33;381
28;24;2021-01-20;26;407
28;24;2021-01-21;14;421
28;24;2021-01-22;15;436
28;24;2021-01-23;2;438
28;24;2021-01-24;4;442
28;24;2021-01-25;14;456
28;24;2021-01-26;10;466
28;24;2021-01-27;7;473
28;29;2021-01-05;3;3
28;29;2021-01-06;9;12
28;29;2021-01-07;57;69
28;29;2021-01-08;87;156
28;29;2021-01-09;23;179
28;29;2021-01-10;22;201
28;29;2021-01-11;59;260
28;29;2021-01-12;95;355
28;29;2021-01-13;84;439
28;29;2021-01-14;199;638
28;29;2021-01-15;186;824
28;29;2021-01-16;34;858
28;29;2021-01-17;36;894
28;29;2021-01-18;117;1011
28;29;2021-01-19;64;1075
28;29;2021-01-20;41;1116
28;29;2021-01-21;37;1153
28;29;2021-01-22;29;1182
28;29;2021-01-23;4;1186
28;29;2021-01-24;12;1198
28;29;2021-01-25;35;1233
28;29;2021-01-26;20;1253
28;29;2021-01-27;21;1274
28;39;2021-01-05;3;3
28;39;2021-01-06;30;33
28;39;2021-01-07;196;229
28;39;2021-01-08;264;493
28;39;2021-01-09;99;592
28;39;2021-01-10;79;671
28;39;2021-01-11;224;895
28;39;2021-01-12;238;1133
28;39;2021-01-13;232;1365
28;39;2021-01-14;443;1808
28;39;2021-01-15;482;2290
28;39;2021-01-16;122;2412
28;39;2021-01-17;170;2582
28;39;2021-01-18;337;2919
28;39;2021-01-19;231;3150
28;39;2021-01-20;147;3297
28;39;2021-01-21;148;3445
28;39;2021-01-22;88;3533
28;39;2021-01-23;29;3562
28;39;2021-01-24;49;3611
28;39;2021-01-25;112;3723
28;39;2021-01-26;85;3808
28;39;2021-01-27;57;3865
28;49;2021-01-05;13;13
28;49;2021-01-06;95;108
28;49;2021-01-07;264;372
28;49;2021-01-08;439;811
28;49;2021-01-09;143;954
28;49;2021-01-10;89;1043
28;49;2021-01-11;361;1404
28;49;2021-01-12;355;1759
28;49;2021-01-13;364;2123
28;49;2021-01-14;751;2874
28;49;2021-01-15;711;3585
28;49;2021-01-16;135;3720
28;49;2021-01-17;173;3893
28;49;2021-01-18;504;4397
28;49;2021-01-19;316;4713
28;49;2021-01-20;210;4923
28;49;2021-01-21;217;5140
28;49;2021-01-22;163;5303
28;49;2021-01-23;38;5341
28;49;2021-01-24;69;5410
28;49;2021-01-25;160;5570
28;49;2021-01-26;123;5693
28;49;2021-01-27;84;5777
28;59;2021-01-04;8;8
28;59;2021-01-05;77;85
28;59;2021-01-06;587;672
28;59;2021-01-07;946;1618
28;59;2021-01-08;1249;2867
28;59;2021-01-09;369;3236
28;59;2021-01-10;235;3471
28;59;2021-01-11;1047;4518
28;59;2021-01-12;1123;5641
28;59;2021-01-13;1204;6845
28;59;2021-01-14;1548;8393
28;59;2021-01-15;1376;9769
28;59;2021-01-16;368;10137
28;59;2021-01-17;303;10440
28;59;2021-01-18;913;11353
28;59;2021-01-19;678;12031
28;59;2021-01-20;419;12450
28;59;2021-01-21;436;12886
28;59;2021-01-22;315;13201
28;59;2021-01-23;101;13302
28;59;2021-01-24;143;13445
28;59;2021-01-25;358;13803
28;59;2021-01-26;222;14025
28;59;2021-01-27;176;14201
28;64;2021-01-04;7;7
28;64;2021-01-05;34;41
28;64;2021-01-06;208;249
28;64;2021-01-07;322;571
28;64;2021-01-08;394;965
28;64;2021-01-09;212;1177
28;64;2021-01-10;90;1267
28;64;2021-01-11;408;1675
28;64;2021-01-12;424;2099
28;64;2021-01-13;456;2555
28;64;2021-01-14;536;3091
28;64;2021-01-15;511;3602
28;64;2021-01-16;158;3760
28;64;2021-01-17;127;3887
28;64;2021-01-18;358;4245
28;64;2021-01-19;287;4532
28;64;2021-01-20;182;4714
28;64;2021-01-21;165;4879
28;64;2021-01-22;161;5040
28;64;2021-01-23;50;5090
28;64;2021-01-24;53;5143
28;64;2021-01-25;137;5280
28;64;2021-01-26;91;5371
28;64;2021-01-27;87;5458
28;69;2021-01-04;1;1
28;69;2021-01-05;8;9
28;69;2021-01-06;94;103
28;69;2021-01-07;150;253
28;69;2021-01-08;178;431
28;69;2021-01-09;126;557
28;69;2021-01-10;66;623
28;69;2021-01-11;204;827
28;69;2021-01-12;228;1055
28;69;2021-01-13;223;1278
28;69;2021-01-14;339;1617
28;69;2021-01-15;274;1891
28;69;2021-01-16;105;1996
28;69;2021-01-17;168;2164
28;69;2021-01-18;284;2448
28;69;2021-01-19;219;2667
28;69;2021-01-20;161;2828
28;69;2021-01-21;162;2990
28;69;2021-01-22;142;3132
28;69;2021-01-23;52;3184
28;69;2021-01-24;50;3234
28;69;2021-01-25;157;3391
28;69;2021-01-26;101;3492
28;69;2021-01-27;85;3577
28;74;2021-01-05;6;6
28;74;2021-01-06;73;79
28;74;2021-01-07;87;166
28;74;2021-01-08;90;256
28;74;2021-01-09;71;327
28;74;2021-01-10;63;390
28;74;2021-01-11;166;556
28;74;2021-01-12;190;746
28;74;2021-01-13;204;950
28;74;2021-01-14;289;1239
28;74;2021-01-15;268;1507
28;74;2021-01-16;87;1594
28;74;2021-01-17;237;1831
28;74;2021-01-18;344;2175
28;74;2021-01-19;286;2461
28;74;2021-01-20;259;2720
28;74;2021-01-21;235;2955
28;74;2021-01-22;234;3189
28;74;2021-01-23;91;3280
28;74;2021-01-24;71;3351
28;74;2021-01-25;245;3596
28;74;2021-01-26;173;3769
28;74;2021-01-27;129;3898
28;79;2021-01-05;4;4
28;79;2021-01-06;47;51
28;79;2021-01-07;49;100
28;79;2021-01-08;66;166
28;79;2021-01-09;36;202
28;79;2021-01-10;25;227
28;79;2021-01-11;100;327
28;79;2021-01-12;154;481
28;79;2021-01-13;165;646
28;79;2021-01-14;383;1029
28;79;2021-01-15;376;1405
28;79;2021-01-16;261;1666
28;79;2021-01-17;328;1994
28;79;2021-01-18;1363;3357
28;79;2021-01-19;1532;4889
28;79;2021-01-20;1508;6397
28;79;2021-01-21;1432;7829
28;79;2021-01-22;1411;9240
28;79;2021-01-23;499;9739
28;79;2021-01-24;192;9931
28;79;2021-01-25;1316;11247
28;79;2021-01-26;1211;12458
28;79;2021-01-27;1134;13592
28;80;2020-12-31;1;1
28;80;2021-01-05;18;19
28;80;2021-01-06;185;204
28;80;2021-01-07;384;588
28;80;2021-01-08;409;997
28;80;2021-01-09;228;1225
28;80;2021-01-10;20;1245
28;80;2021-01-11;350;1595
28;80;2021-01-12;891;2486
28;80;2021-01-13;1053;3539
28;80;2021-01-14;2687;6226
28;80;2021-01-15;1549;7775
28;80;2021-01-16;744;8519
28;80;2021-01-17;2269;10788
28;80;2021-01-18;3875;14663
28;80;2021-01-19;3037;17700
28;80;2021-01-20;3026;20726
28;80;2021-01-21;2848;23574
28;80;2021-01-22;2657;26231
28;80;2021-01-23;1105;27336
28;80;2021-01-24;778;28114
28;80;2021-01-25;3250;31364
28;80;2021-01-26;2189;33553
28;80;2021-01-27;1951;35504
32;0;2020-12-28;25;25
32;0;2020-12-29;12;37
32;0;2021-01-04;79;116
32;0;2021-01-05;292;408
32;0;2021-01-06;769;1177
32;0;2021-01-07;2280;3457
32;0;2021-01-08;2881;6338
32;0;2021-01-09;932;7270
32;0;2021-01-10;631;7901
32;0;2021-01-11;2951;10852
32;0;2021-01-12;4426;15278
32;0;2021-01-13;4413;19691
32;0;2021-01-14;4993;24684
32;0;2021-01-15;4612;29296
32;0;2021-01-16;1550;30846
32;0;2021-01-17;853;31699
32;0;2021-01-18;6438;38137
32;0;2021-01-19;9233;47370
32;0;2021-01-20;9471;56841
32;0;2021-01-21;11702;68543
32;0;2021-01-22;9155;77698
32;0;2021-01-23;3076;80774
32;0;2021-01-24;951;81725
32;0;2021-01-25;6322;88047
32;0;2021-01-26;6727;94774
32;0;2021-01-27;4379;99153
32;24;2021-01-06;2;2
32;24;2021-01-07;10;12
32;24;2021-01-08;8;20
32;24;2021-01-11;6;26
32;24;2021-01-12;17;43
32;24;2021-01-13;23;66
32;24;2021-01-14;33;99
32;24;2021-01-15;22;121
32;24;2021-01-16;7;128
32;24;2021-01-17;1;129
32;24;2021-01-18;18;147
32;24;2021-01-19;19;166
32;24;2021-01-20;29;195
32;24;2021-01-21;45;240
32;24;2021-01-22;41;281
32;24;2021-01-23;9;290
32;24;2021-01-24;2;292
32;24;2021-01-25;20;312
32;24;2021-01-26;21;333
32;24;2021-01-27;22;355
32;29;2020-12-28;1;1
32;29;2021-01-05;1;2
32;29;2021-01-06;8;10
32;29;2021-01-07;27;37
32;29;2021-01-08;38;75
32;29;2021-01-09;1;76
32;29;2021-01-10;8;84
32;29;2021-01-11;40;124
32;29;2021-01-12;59;183
32;29;2021-01-13;102;285
32;29;2021-01-14;114;399
32;29;2021-01-15;87;486
32;29;2021-01-16;12;498
32;29;2021-01-17;6;504
32;29;2021-01-18;57;561
32;29;2021-01-19;60;621
32;29;2021-01-20;59;680
32;29;2021-01-21;90;770
32;29;2021-01-22;88;858
32;29;2021-01-23;21;879
32;29;2021-01-24;5;884
32;29;2021-01-25;41;925
32;29;2021-01-26;39;964
32;29;2021-01-27;22;986
32;39;2020-12-29;1;1
32;39;2021-01-05;6;7
32;39;2021-01-06;16;23
32;39;2021-01-07;107;130
32;39;2021-01-08;125;255
32;39;2021-01-09;27;282
32;39;2021-01-10;21;303
32;39;2021-01-11;131;434
32;39;2021-01-12;256;690
32;39;2021-01-13;342;1032
32;39;2021-01-14;334;1366
32;39;2021-01-15;339;1705
32;39;2021-01-16;59;1764
32;39;2021-01-17;25;1789
32;39;2021-01-18;217;2006
32;39;2021-01-19;278;2284
32;39;2021-01-20;216;2500
32;39;2021-01-21;357;2857
32;39;2021-01-22;292;3149
32;39;2021-01-23;62;3211
32;39;2021-01-24;30;3241
32;39;2021-01-25;164;3405
32;39;2021-01-26;204;3609
32;39;2021-01-27;91;3700
32;49;2021-01-04;3;3
32;49;2021-01-05;10;13
32;49;2021-01-06;47;60
32;49;2021-01-07;224;284
32;49;2021-01-08;253;537
32;49;2021-01-09;52;589
32;49;2021-01-10;24;613
32;49;2021-01-11;301;914
32;49;2021-01-12;443;1357
32;49;2021-01-13;472;1829
32;49;2021-01-14;533;2362
32;49;2021-01-15;526;2888
32;49;2021-01-16;107;2995
32;49;2021-01-17;43;3038
32;49;2021-01-18;322;3360
32;49;2021-01-19;479;3839
32;49;2021-01-20;385;4224
32;49;2021-01-21;584;4808
32;49;2021-01-22;425;5233
32;49;2021-01-23;98;5331
32;49;2021-01-24;37;5368
32;49;2021-01-25;228;5596
32;49;2021-01-26;276;5872
32;49;2021-01-27;210;6082
32;59;2021-01-04;18;18
32;59;2021-01-05;121;139
32;59;2021-01-06;255;394
32;59;2021-01-07;761;1155
32;59;2021-01-08;1000;2155
32;59;2021-01-09;389;2544
32;59;2021-01-10;280;2824
32;59;2021-01-11;1242;4066
32;59;2021-01-12;1653;5719
32;59;2021-01-13;1642;7361
32;59;2021-01-14;1774;9135
32;59;2021-01-15;1490;10625
32;59;2021-01-16;504;11129
32;59;2021-01-17;192;11321
32;59;2021-01-18;1039;12360
32;59;2021-01-19;1255;13615
32;59;2021-01-20;1085;14700
32;59;2021-01-21;1365;16065
32;59;2021-01-22;937;17002
32;59;2021-01-23;210;17212
32;59;2021-01-24;71;17283
32;59;2021-01-25;573;17856
32;59;2021-01-26;683;18539
32;59;2021-01-27;466;19005
32;64;2021-01-04;16;16
32;64;2021-01-05;55;71
32;64;2021-01-06;99;170
32;64;2021-01-07;337;507
32;64;2021-01-08;414;921
32;64;2021-01-09;256;1177
32;64;2021-01-10;130;1307
32;64;2021-01-11;491;1798
32;64;2021-01-12;613;2411
32;64;2021-01-13;626;3037
32;64;2021-01-14;707;3744
32;64;2021-01-15;542;4286
32;64;2021-01-16;241;4527
32;64;2021-01-17;109;4636
32;64;2021-01-18;356;4992
32;64;2021-01-19;493;5485
32;64;2021-01-20;476;5961
32;64;2021-01-21;549;6510
32;64;2021-01-22;379;6889
32;64;2021-01-23;111;7000
32;64;2021-01-24;51;7051
32;64;2021-01-25;236;7287
32;64;2021-01-26;252;7539
32;64;2021-01-27;177;7716
32;69;2020-12-28;1;1
32;69;2020-12-29;2;3
32;69;2021-01-04;8;11
32;69;2021-01-05;14;25
32;69;2021-01-06;54;79
32;69;2021-01-07;161;240
32;69;2021-01-08;225;465
32;69;2021-01-09;116;581
32;69;2021-01-10;74;655
32;69;2021-01-11;224;879
32;69;2021-01-12;321;1200
32;69;2021-01-13;305;1505
32;69;2021-01-14;347;1852
32;69;2021-01-15;289;2141
32;69;2021-01-16;107;2248
32;69;2021-01-17;48;2296
32;69;2021-01-18;213;2509
32;69;2021-01-19;302;2811
32;69;2021-01-20;299;3110
32;69;2021-01-21;422;3532
32;69;2021-01-22;322;3854
32;69;2021-01-23;96;3950
32;69;2021-01-24;78;4028
32;69;2021-01-25;202;4230
32;69;2021-01-26;207;4437
32;69;2021-01-27;130;4567
32;74;2020-12-28;3;3
32;74;2021-01-04;3;6
32;74;2021-01-05;5;11
32;74;2021-01-06;43;54
32;74;2021-01-07;96;150
32;74;2021-01-08;183;333
32;74;2021-01-09;58;391
32;74;2021-01-10;53;444
32;74;2021-01-11;134;578
32;74;2021-01-12;239;817
32;74;2021-01-13;259;1076
32;74;2021-01-14;290;1366
32;74;2021-01-15;237;1603
32;74;2021-01-16;74;1677
32;74;2021-01-17;52;1729
32;74;2021-01-18;264;1993
32;74;2021-01-19;410;2403
32;74;2021-01-20;415;2818
32;74;2021-01-21;556;3374
32;74;2021-01-22;407;3781
32;74;2021-01-23;142;3923
32;74;2021-01-24;58;3981
32;74;2021-01-25;307;4288
32;74;2021-01-26;303;4591
32;74;2021-01-27;188;4779
32;79;2020-12-28;1;1
32;79;2020-12-29;1;2
32;79;2021-01-04;1;3
32;79;2021-01-05;7;10
32;79;2021-01-06;35;45
32;79;2021-01-07;81;126
32;79;2021-01-08;115;241
32;79;2021-01-09;25;266
32;79;2021-01-10;25;291
32;79;2021-01-11;73;364
32;79;2021-01-12;152;516
32;79;2021-01-13;142;658
32;79;2021-01-14;281;939
32;79;2021-01-15;330;1269
32;79;2021-01-16;196;1465
32;79;2021-01-17;145;1610
32;79;2021-01-18;1763;3373
32;79;2021-01-19;2230;5603
32;79;2021-01-20;2263;7866
32;79;2021-01-21;2502;10368
32;79;2021-01-22;2362;12730
32;79;2021-01-23;748;13478
32;79;2021-01-24;91;13569
32;79;2021-01-25;1650;15219
32;79;2021-01-26;1640;16859
32;79;2021-01-27;968;17827
32;80;2020-12-28;19;19
32;80;2020-12-29;8;27
32;80;2021-01-04;30;57
32;80;2021-01-05;73;130
32;80;2021-01-06;210;340
32;80;2021-01-07;476;816
32;80;2021-01-08;519;1335
32;80;2021-01-09;8;1343
32;80;2021-01-10;16;1359
32;80;2021-01-11;309;1668
32;80;2021-01-12;673;2341
32;80;2021-01-13;500;2841
32;80;2021-01-14;580;3421
32;80;2021-01-15;750;4171
32;80;2021-01-16;243;4414
32;80;2021-01-17;232;4646
32;80;2021-01-18;2189;6835
32;80;2021-01-19;3706;10541
32;80;2021-01-20;4244;14785
32;80;2021-01-21;5230;20015
32;80;2021-01-22;3902;23917
32;80;2021-01-23;1579;25496
32;80;2021-01-24;528;26024
32;80;2021-01-25;2901;28925
32;80;2021-01-26;3101;32026
32;80;2021-01-27;2105;34131
44;0;2020-12-31;10;10
44;0;2021-01-04;203;213
44;0;2021-01-05;750;963
44;0;2021-01-06;1219;2182
44;0;2021-01-07;2282;4464
44;0;2021-01-08;2824;7288
44;0;2021-01-09;839;8127
44;0;2021-01-10;203;8330
44;0;2021-01-11;2741;11071
44;0;2021-01-12;4755;15826
44;0;2021-01-13;6958;22784
44;0;2021-01-14;8040;30824
44;0;2021-01-15;5841;36665
44;0;2021-01-16;1564;38229
44;0;2021-01-17;869;39098
44;0;2021-01-18;8204;47302
44;0;2021-01-19;9875;57177
44;0;2021-01-20;10200;67377
44;0;2021-01-21;10630;78007
44;0;2021-01-22;8912;86919
44;0;2021-01-23;3038;89957
44;0;2021-01-24;1553;91510
44;0;2021-01-25;6045;97555
44;0;2021-01-26;5290;102845
44;0;2021-01-27;6551;109396
44;24;2021-01-04;1;1
44;24;2021-01-05;3;4
44;24;2021-01-06;9;13
44;24;2021-01-07;48;61
44;24;2021-01-08;22;83
44;24;2021-01-09;3;86
44;24;2021-01-11;17;103
44;24;2021-01-12;19;122
44;24;2021-01-13;35;157
44;24;2021-01-14;44;201
44;24;2021-01-15;45;246
44;24;2021-01-16;5;251
44;24;2021-01-17;6;257
44;24;2021-01-18;28;285
44;24;2021-01-19;39;324
44;24;2021-01-20;44;368
44;24;2021-01-21;45;413
44;24;2021-01-22;28;441
44;24;2021-01-23;7;448
44;24;2021-01-24;3;451
44;24;2021-01-25;19;470
44;24;2021-01-26;12;482
44;24;2021-01-27;16;498
44;29;2021-01-04;4;4
44;29;2021-01-05;14;18
44;29;2021-01-06;20;38
44;29;2021-01-07;50;88
44;29;2021-01-08;43;131
44;29;2021-01-09;2;133
44;29;2021-01-10;3;136
44;29;2021-01-11;42;178
44;29;2021-01-12;53;231
44;29;2021-01-13;78;309
44;29;2021-01-14;91;400
44;29;2021-01-15;107;507
44;29;2021-01-16;13;520
44;29;2021-01-17;8;528
44;29;2021-01-18;83;611
44;29;2021-01-19;98;709
44;29;2021-01-20;84;793
44;29;2021-01-21;69;862
44;29;2021-01-22;52;914
44;29;2021-01-23;19;933
44;29;2021-01-24;5;938
44;29;2021-01-25;47;985
44;29;2021-01-26;36;1021
44;29;2021-01-27;39;1060
44;39;2021-01-04;4;4
44;39;2021-01-05;45;49
44;39;2021-01-06;69;118
44;39;2021-01-07;117;235
44;39;2021-01-08;133;368
44;39;2021-01-09;24;392
44;39;2021-01-10;8;400
44;39;2021-01-11;152;552
44;39;2021-01-12;223;775
44;39;2021-01-13;272;1047
44;39;2021-01-14;368;1415
44;39;2021-01-15;354;1769
44;39;2021-01-16;54;1823
44;39;2021-01-17;40;1863
44;39;2021-01-18;240;2103
44;39;2021-01-19;349;2452
44;39;2021-01-20;295;2747
44;39;2021-01-21;304;3051
44;39;2021-01-22;222;3273
44;39;2021-01-23;60;3333
44;39;2021-01-24;23;3356
44;39;2021-01-25;137;3493
44;39;2021-01-26;119;3612
44;39;2021-01-27;185;3797
44;49;2021-01-04;16;16
44;49;2021-01-05;50;66
44;49;2021-01-06;107;173
44;49;2021-01-07;160;333
44;49;2021-01-08;194;527
44;49;2021-01-09;40;567
44;49;2021-01-10;16;583
44;49;2021-01-11;245;828
44;49;2021-01-12;389;1217
44;49;2021-01-13;437;1654
44;49;2021-01-14;611;2265
44;49;2021-01-15;595;2860
44;49;2021-01-16;72;2932
44;49;2021-01-17;41;2973
44;49;2021-01-18;390;3363
44;49;2021-01-19;485;3848
44;49;2021-01-20;426;4274
44;49;2021-01-21;502;4776
44;49;2021-01-22;438;5214
44;49;2021-01-23;114;5328
44;49;2021-01-24;38;5366
44;49;2021-01-25;234;5600
44;49;2021-01-26;212;5812
44;49;2021-01-27;300;6112
44;59;2020-12-31;4;4
44;59;2021-01-04;94;98
44;59;2021-01-05;375;473
44;59;2021-01-06;634;1107
44;59;2021-01-07;790;1897
44;59;2021-01-08;1086;2983
44;59;2021-01-09;270;3253
44;59;2021-01-10;67;3320
44;59;2021-01-11;1190;4510
44;59;2021-01-12;1728;6238
44;59;2021-01-13;2107;8345
44;59;2021-01-14;2021;10366
44;59;2021-01-15;1580;11946
44;59;2021-01-16;329;12275
44;59;2021-01-17;103;12378
44;59;2021-01-18;1027;13405
44;59;2021-01-19;1289;14694
44;59;2021-01-20;1298;15992
44;59;2021-01-21;1376;17368
44;59;2021-01-22;1171;18539
44;59;2021-01-23;344;18883
44;59;2021-01-24;118;19001
44;59;2021-01-25;581;19582
44;59;2021-01-26;469;20051
44;59;2021-01-27;494;20545
44;64;2020-12-31;3;3
44;64;2021-01-04;20;23
44;64;2021-01-05;132;155
44;64;2021-01-06;220;375
44;64;2021-01-07;336;711
44;64;2021-01-08;462;1173
44;64;2021-01-09;140;1313
44;64;2021-01-10;37;1350
44;64;2021-01-11;429;1779
44;64;2021-01-12;637;2416
44;64;2021-01-13;789;3205
44;64;2021-01-14;806;4011
44;64;2021-01-15;635;4646
44;64;2021-01-16;162;4808
44;64;2021-01-17;59;4867
44;64;2021-01-18;400;5267
44;64;2021-01-19;535;5802
44;64;2021-01-20;561;6363
44;64;2021-01-21;536;6899
44;64;2021-01-22;486;7385
44;64;2021-01-23;184;7569
44;64;2021-01-24;88;7657
44;64;2021-01-25;269;7926
44;64;2021-01-26;227;8153
44;64;2021-01-27;277;8430
44;69;2020-12-31;2;2
44;69;2021-01-04;8;10
44;69;2021-01-05;48;58
44;69;2021-01-06;79;137
44;69;2021-01-07;173;310
44;69;2021-01-08;198;508
44;69;2021-01-09;81;589
44;69;2021-01-10;36;625
44;69;2021-01-11;191;816
44;69;2021-01-12;265;1081
44;69;2021-01-13;370;1451
44;69;2021-01-14;394;1845
44;69;2021-01-15;307;2152
44;69;2021-01-16;97;2249
44;69;2021-01-17;43;2292
44;69;2021-01-18;312;2604
44;69;2021-01-19;386;2990
44;69;2021-01-20;388;3378
44;69;2021-01-21;381;3759
44;69;2021-01-22;373;4132
44;69;2021-01-23;156;4288
44;69;2021-01-24;82;4370
44;69;2021-01-25;256;4626
44;69;2021-01-26;206;4832
44;69;2021-01-27;218;5050
44;74;2021-01-04;7;7
44;74;2021-01-05;16;23
44;74;2021-01-06;37;60
44;74;2021-01-07;95;155
44;74;2021-01-08;125;280
44;74;2021-01-09;56;336
44;74;2021-01-10;28;364
44;74;2021-01-11;99;463
44;74;2021-01-12;197;660
44;74;2021-01-13;249;909
44;74;2021-01-14;300;1209
44;74;2021-01-15;251;1460
44;74;2021-01-16;89;1549
44;74;2021-01-17;32;1581
44;74;2021-01-18;355;1936
44;74;2021-01-19;455;2391
44;74;2021-01-20;485;2876
44;74;2021-01-21;484;3360
44;74;2021-01-22;412;3772
44;74;2021-01-23;137;3909
44;74;2021-01-24;104;4013
44;74;2021-01-25;258;4271
44;74;2021-01-26;256;4527
44;74;2021-01-27;311;4838
44;79;2021-01-04;8;8
44;79;2021-01-05;11;19
44;79;2021-01-06;7;26
44;79;2021-01-07;76;102
44;79;2021-01-08;58;160
44;79;2021-01-09;31;191
44;79;2021-01-10;6;197
44;79;2021-01-11;79;276
44;79;2021-01-12;223;499
44;79;2021-01-13;478;977
44;79;2021-01-14;661;1638
44;79;2021-01-15;593;2231
44;79;2021-01-16;207;2438
44;79;2021-01-17;96;2534
44;79;2021-01-18;1689;4223
44;79;2021-01-19;2043;6266
44;79;2021-01-20;2153;8419
44;79;2021-01-21;2164;10583
44;79;2021-01-22;1899;12482
44;79;2021-01-23;685;13167
44;79;2021-01-24;256;13423
44;79;2021-01-25;1360;14783
44;79;2021-01-26;1254;16037
44;79;2021-01-27;1358;17395
44;80;2020-12-31;1;1
44;80;2021-01-04;41;42
44;80;2021-01-05;56;98
44;80;2021-01-06;37;135
44;80;2021-01-07;437;572
44;80;2021-01-08;501;1073
44;80;2021-01-09;192;1265
44;80;2021-01-10;2;1267
44;80;2021-01-11;296;1563
44;80;2021-01-12;1021;2584
44;80;2021-01-13;2142;4726
44;80;2021-01-14;2743;7469
44;80;2021-01-15;1373;8842
44;80;2021-01-16;536;9378
44;80;2021-01-17;441;9819
44;80;2021-01-18;3680;13499
44;80;2021-01-19;4196;17695
44;80;2021-01-20;4466;22161
44;80;2021-01-21;4768;26929
44;80;2021-01-22;3830;30759
44;80;2021-01-23;1332;32091
44;80;2021-01-24;836;32927
44;80;2021-01-25;2884;35811
44;80;2021-01-26;2498;38309
44;80;2021-01-27;3353;41662
52;0;2021-01-03;1;1
52;0;2021-01-04;34;35
52;0;2021-01-05;162;197
52;0;2021-01-06;295;492
52;0;2021-01-07;740;1232
52;0;2021-01-08;1399;2631
52;0;2021-01-09;1042;3673
52;0;2021-01-10;638;4311
52;0;2021-01-11;2055;6366
52;0;2021-01-12;2909;9275
52;0;2021-01-13;2728;12003
52;0;2021-01-14;3019;15022
52;0;2021-01-15;2749;17771
52;0;2021-01-16;813;18584
52;0;2021-01-17;485;19069
52;0;2021-01-18;3104;22173
52;0;2021-01-19;5878;28051
52;0;2021-01-20;7510;35561
52;0;2021-01-21;11063;46624
52;0;2021-01-22;6805;53429
52;0;2021-01-23;1660;55089
52;0;2021-01-24;174;55263
52;0;2021-01-25;2887;58150
52;0;2021-01-26;6355;64505
52;0;2021-01-27;6354;70859
52;24;2021-01-06;1;1
52;24;2021-01-08;2;3
52;24;2021-01-09;1;4
52;24;2021-01-11;8;12
52;24;2021-01-12;5;17
52;24;2021-01-13;5;22
52;24;2021-01-14;4;26
52;24;2021-01-15;3;29
52;24;2021-01-16;1;30
52;24;2021-01-17;4;34
52;24;2021-01-18;5;39
52;24;2021-01-19;9;48
52;24;2021-01-20;12;60
52;24;2021-01-21;31;91
52;24;2021-01-22;34;125
52;24;2021-01-23;1;126
52;24;2021-01-25;5;131
52;24;2021-01-26;18;149
52;24;2021-01-27;29;178
52;29;2021-01-06;1;1
52;29;2021-01-07;4;5
52;29;2021-01-08;11;16
52;29;2021-01-09;10;26
52;29;2021-01-10;1;27
52;29;2021-01-11;24;51
52;29;2021-01-12;11;62
52;29;2021-01-13;15;77
52;29;2021-01-14;21;98
52;29;2021-01-15;17;115
52;29;2021-01-16;5;120
52;29;2021-01-17;9;129
52;29;2021-01-18;20;149
52;29;2021-01-19;33;182
52;29;2021-01-20;34;216
52;29;2021-01-21;58;274
52;29;2021-01-22;40;314
52;29;2021-01-23;4;318
52;29;2021-01-25;7;325
52;29;2021-01-26;37;362
52;29;2021-01-27;24;386
52;39;2021-01-06;4;4
52;39;2021-01-07;28;32
52;39;2021-01-08;49;81
52;39;2021-01-09;24;105
52;39;2021-01-10;24;129
52;39;2021-01-11;58;187
52;39;2021-01-12;55;242
52;39;2021-01-13;66;308
52;39;2021-01-14;113;421
52;39;2021-01-15;105;526
52;39;2021-01-16;22;548
52;39;2021-01-17;45;593
52;39;2021-01-18;66;659
52;39;2021-01-19;120;779
52;39;2021-01-20;129;908
52;39;2021-01-21;271;1179
52;39;2021-01-22;190;1369
52;39;2021-01-23;12;1381
52;39;2021-01-24;4;1385
52;39;2021-01-25;30;1415
52;39;2021-01-26;127;1542
52;39;2021-01-27;100;1642
52;49;2021-01-04;1;1
52;49;2021-01-05;1;2
52;49;2021-01-06;8;10
52;49;2021-01-07;77;87
52;49;2021-01-08;89;176
52;49;2021-01-09;53;229
52;49;2021-01-10;36;265
52;49;2021-01-11;175;440
52;49;2021-01-12;168;608
52;49;2021-01-13;168;776
52;49;2021-01-14;230;1006
52;49;2021-01-15;222;1228
52;49;2021-01-16;61;1289
52;49;2021-01-17;46;1335
52;49;2021-01-18;176;1511
52;49;2021-01-19;304;1815
52;49;2021-01-20;298;2113
52;49;2021-01-21;523;2636
52;49;2021-01-22;289;2925
52;49;2021-01-23;24;2949
52;49;2021-01-24;6;2955
52;49;2021-01-25;55;3010
52;49;2021-01-26;195;3205
52;49;2021-01-27;218;3423
52;59;2021-01-04;24;24
52;59;2021-01-05;38;62
52;59;2021-01-06;124;186
52;59;2021-01-07;356;542
52;59;2021-01-08;586;1128
52;59;2021-01-09;542;1670
52;59;2021-01-10;289;1959
52;59;2021-01-11;959;2918
52;59;2021-01-12;1037;3955
52;59;2021-01-13;1054;5009
52;59;2021-01-14;1297;6306
52;59;2021-01-15;1021;7327
52;59;2021-01-16;329;7656
52;59;2021-01-17;133;7789
52;59;2021-01-18;613;8402
52;59;2021-01-19;1031;9433
52;59;2021-01-20;902;10335
52;59;2021-01-21;1315;11650
52;59;2021-01-22;882;12532
52;59;2021-01-23;124;12656
52;59;2021-01-24;21;12677
52;59;2021-01-25;168;12845
52;59;2021-01-26;550;13395
52;59;2021-01-27;532;13927
52;64;2021-01-04;5;5
52;64;2021-01-05;18;23
52;64;2021-01-06;36;59
52;64;2021-01-07;119;178
52;64;2021-01-08;216;394
52;64;2021-01-09;225;619
52;64;2021-01-10;153;772
52;64;2021-01-11;315;1087
52;64;2021-01-12;372;1459
52;64;2021-01-13;411;1870
52;64;2021-01-14;411;2281
52;64;2021-01-15;346;2627
52;64;2021-01-16;135;2762
52;64;2021-01-17;74;2836
52;64;2021-01-18;200;3036
52;64;2021-01-19;366;3402
52;64;2021-01-20;278;3680
52;64;2021-01-21;467;4147
52;64;2021-01-22;293;4440
52;64;2021-01-23;55;4495
52;64;2021-01-24;15;4510
52;64;2021-01-25;77;4587
52;64;2021-01-26;197;4784
52;64;2021-01-27;217;5001
52;69;2021-01-04;3;3
52;69;2021-01-05;12;15
52;69;2021-01-06;13;28
52;69;2021-01-07;35;63
52;69;2021-01-08;88;151
52;69;2021-01-09;114;265
52;69;2021-01-10;67;332
52;69;2021-01-11;143;475
52;69;2021-01-12;202;677
52;69;2021-01-13;175;852
52;69;2021-01-14;184;1036
52;69;2021-01-15;186;1222
52;69;2021-01-16;75;1297
52;69;2021-01-17;38;1335
52;69;2021-01-18;112;1447
52;69;2021-01-19;216;1663
52;69;2021-01-20;208;1871
52;69;2021-01-21;279;2150
52;69;2021-01-22;197;2347
52;69;2021-01-23;51;2398
52;69;2021-01-24;10;2408
52;69;2021-01-25;77;2485
52;69;2021-01-26;176;2661
52;69;2021-01-27;119;2780
52;74;2021-01-03;1;1
52;74;2021-01-05;7;8
52;74;2021-01-06;16;24
52;74;2021-01-07;26;50
52;74;2021-01-08;51;101
52;74;2021-01-09;46;147
52;74;2021-01-10;41;188
52;74;2021-01-11;112;300
52;74;2021-01-12;187;487
52;74;2021-01-13;174;661
52;74;2021-01-14;151;812
52;74;2021-01-15;140;952
52;74;2021-01-16;55;1007
52;74;2021-01-17;37;1044
52;74;2021-01-18;124;1168
52;74;2021-01-19;249;1417
52;74;2021-01-20;245;1662
52;74;2021-01-21;378;2040
52;74;2021-01-22;242;2282
52;74;2021-01-23;57;2339
52;74;2021-01-24;15;2354
52;74;2021-01-25;113;2467
52;74;2021-01-26;270;2737
52;74;2021-01-27;253;2990
52;79;2021-01-05;10;10
52;79;2021-01-06;13;23
52;79;2021-01-07;18;41
52;79;2021-01-08;41;82
52;79;2021-01-09;21;103
52;79;2021-01-10;21;124
52;79;2021-01-11;56;180
52;79;2021-01-12;128;308
52;79;2021-01-13;109;417
52;79;2021-01-14;111;528
52;79;2021-01-15;151;679
52;79;2021-01-16;54;733
52;79;2021-01-17;54;787
52;79;2021-01-18;661;1448
52;79;2021-01-19;996;2444
52;79;2021-01-20;1027;3471
52;79;2021-01-21;1344;4815
52;79;2021-01-22;1131;5946
52;79;2021-01-23;555;6501
52;79;2021-01-24;43;6544
52;79;2021-01-25;858;7402
52;79;2021-01-26;1150;8552
52;79;2021-01-27;1100;9652
52;80;2021-01-04;1;1
52;80;2021-01-05;76;77
52;80;2021-01-06;79;156
52;80;2021-01-07;77;233
52;80;2021-01-08;265;498
52;80;2021-01-09;6;504
52;80;2021-01-10;5;509
52;80;2021-01-11;205;714
52;80;2021-01-12;744;1458
52;80;2021-01-13;550;2008
52;80;2021-01-14;497;2505
52;80;2021-01-15;558;3063
52;80;2021-01-16;76;3139
52;80;2021-01-17;43;3182
52;80;2021-01-18;1126;4308
52;80;2021-01-19;2553;6861
52;80;2021-01-20;4377;11238
52;80;2021-01-21;6396;17634
52;80;2021-01-22;3506;21140
52;80;2021-01-23;777;21917
52;80;2021-01-24;60;21977
52;80;2021-01-25;1497;23474
52;80;2021-01-26;3634;27108
52;80;2021-01-27;3762;30870
53;0;2021-01-02;1;1
53;0;2021-01-04;40;41
53;0;2021-01-05;198;239
53;0;2021-01-06;326;565
53;0;2021-01-07;817;1382
53;0;2021-01-08;1197;2579
53;0;2021-01-09;33;2612
53;0;2021-01-11;1596;4208
53;0;2021-01-12;3032;7240
53;0;2021-01-13;3084;10324
53;0;2021-01-14;3429;13753
53;0;2021-01-15;3048;16801
53;0;2021-01-16;679;17480
53;0;2021-01-17;180;17660
53;0;2021-01-18;3142;20802
53;0;2021-01-19;7632;28434
53;0;2021-01-20;6566;35000
53;0;2021-01-21;10087;45087
53;0;2021-01-22;7290;52377
53;0;2021-01-23;1454;53831
53;0;2021-01-24;252;54083
53;0;2021-01-25;3018;57101
53;0;2021-01-26;3945;61046
53;0;2021-01-27;6386;67432
53;24;2021-01-11;4;4
53;24;2021-01-12;3;7
53;24;2021-01-13;5;12
53;24;2021-01-14;16;28
53;24;2021-01-15;11;39
53;24;2021-01-16;1;40
53;24;2021-01-18;5;45
53;24;2021-01-19;17;62
53;24;2021-01-20;17;79
53;24;2021-01-21;38;117
53;24;2021-01-22;26;143
53;24;2021-01-23;2;145
53;24;2021-01-25;4;149
53;24;2021-01-26;8;157
53;24;2021-01-27;13;170
53;29;2021-01-07;2;2
53;29;2021-01-08;7;9
53;29;2021-01-11;8;17
53;29;2021-01-12;14;31
53;29;2021-01-13;19;50
53;29;2021-01-14;34;84
53;29;2021-01-15;28;112
53;29;2021-01-17;1;113
53;29;2021-01-18;15;128
53;29;2021-01-19;34;162
53;29;2021-01-20;40;202
53;29;2021-01-21;72;274
53;29;2021-01-22;79;353
53;29;2021-01-23;5;358
53;29;2021-01-24;1;359
53;29;2021-01-25;7;366
53;29;2021-01-26;15;381
53;29;2021-01-27;33;414
53;39;2021-01-05;1;1
53;39;2021-01-06;1;2
53;39;2021-01-07;6;8
53;39;2021-01-08;25;33
53;39;2021-01-11;34;67
53;39;2021-01-12;72;139
53;39;2021-01-13;53;192
53;39;2021-01-14;144;336
53;39;2021-01-15;118;454
53;39;2021-01-16;17;471
53;39;2021-01-17;1;472
53;39;2021-01-18;60;532
53;39;2021-01-19;140;672
53;39;2021-01-20;146;818
53;39;2021-01-21;276;1094
53;39;2021-01-22;301;1395
53;39;2021-01-23;20;1415
53;39;2021-01-24;4;1419
53;39;2021-01-25;42;1461
53;39;2021-01-26;52;1513
53;39;2021-01-27;94;1607
53;49;2021-01-05;4;4
53;49;2021-01-06;5;9
53;49;2021-01-07;22;31
53;49;2021-01-08;78;109
53;49;2021-01-11;73;182
53;49;2021-01-12;129;311
53;49;2021-01-13;148;459
53;49;2021-01-14;316;775
53;49;2021-01-15;249;1024
53;49;2021-01-16;48;1072
53;49;2021-01-17;2;1074
53;49;2021-01-18;122;1196
53;49;2021-01-19;240;1436
53;49;2021-01-20;248;1684
53;49;2021-01-21;510;2194
53;49;2021-01-22;486;2680
53;49;2021-01-23;25;2705
53;49;2021-01-24;9;2714
53;49;2021-01-25;88;2802
53;49;2021-01-26;94;2896
53;49;2021-01-27;176;3072
53;59;2021-01-02;1;1
53;59;2021-01-04;7;8
53;59;2021-01-05;42;50
53;59;2021-01-06;136;186
53;59;2021-01-07;412;598
53;59;2021-01-08;642;1240
53;59;2021-01-09;17;1257
53;59;2021-01-11;710;1967
53;59;2021-01-12;1098;3065
53;59;2021-01-13;1066;4131
53;59;2021-01-14;1284;5415
53;59;2021-01-15;1271;6686
53;59;2021-01-16;365;7051
53;59;2021-01-17;53;7104
53;59;2021-01-18;625;7729
53;59;2021-01-19;957;8686
53;59;2021-01-20;886;9572
53;59;2021-01-21;1383;10955
53;59;2021-01-22;987;11942
53;59;2021-01-23;155;12097
53;59;2021-01-24;52;12149
53;59;2021-01-25;427;12576
53;59;2021-01-26;456;13032
53;59;2021-01-27;593;13625
53;64;2021-01-04;2;2
53;64;2021-01-05;28;30
53;64;2021-01-06;42;72
53;64;2021-01-07;152;224
53;64;2021-01-08;206;430
53;64;2021-01-09;9;439
53;64;2021-01-11;245;684
53;64;2021-01-12;346;1030
53;64;2021-01-13;342;1372
53;64;2021-01-14;415;1787
53;64;2021-01-15;394;2181
53;64;2021-01-16;103;2284
53;64;2021-01-17;28;2312
53;64;2021-01-18;211;2523
53;64;2021-01-19;354;2877
53;64;2021-01-20;283;3160
53;64;2021-01-21;501;3661
53;64;2021-01-22;345;4006
53;64;2021-01-23;54;4060
53;64;2021-01-24;11;4071
53;64;2021-01-25;145;4216
53;64;2021-01-26;185;4401
53;64;2021-01-27;228;4629
53;69;2021-01-04;1;1
53;69;2021-01-05;13;14
53;69;2021-01-06;25;39
53;69;2021-01-07;52;91
53;69;2021-01-08;79;170
53;69;2021-01-09;3;173
53;69;2021-01-11;88;261
53;69;2021-01-12;140;401
53;69;2021-01-13;157;558
53;69;2021-01-14;164;722
53;69;2021-01-15;133;855
53;69;2021-01-16;50;905
53;69;2021-01-17;16;921
53;69;2021-01-18;97;1018
53;69;2021-01-19;215;1233
53;69;2021-01-20;189;1422
53;69;2021-01-21;283;1705
53;69;2021-01-22;219;1924
53;69;2021-01-23;35;1959
53;69;2021-01-24;8;1967
53;69;2021-01-25;97;2064
53;69;2021-01-26;117;2181
53;69;2021-01-27;186;2367
53;74;2021-01-05;8;8
53;74;2021-01-06;16;24
53;74;2021-01-07;33;57
53;74;2021-01-08;36;93
53;74;2021-01-11;49;142
53;74;2021-01-12;123;265
53;74;2021-01-13;139;404
53;74;2021-01-14;136;540
53;74;2021-01-15;92;632
53;74;2021-01-16;17;649
53;74;2021-01-17;12;661
53;74;2021-01-18;81;742
53;74;2021-01-19;296;1038
53;74;2021-01-20;237;1275
53;74;2021-01-21;415;1690
53;74;2021-01-22;232;1922
53;74;2021-01-23;57;1979
53;74;2021-01-24;7;1986
53;74;2021-01-25;127;2113
53;74;2021-01-26;166;2279
53;74;2021-01-27;268;2547
53;79;2021-01-04;3;3
53;79;2021-01-05;6;9
53;79;2021-01-06;14;23
53;79;2021-01-07;22;45
53;79;2021-01-08;21;66
53;79;2021-01-11;53;119
53;79;2021-01-12;103;222
53;79;2021-01-13;123;345
53;79;2021-01-14;138;483
53;79;2021-01-15;185;668
53;79;2021-01-16;27;695
53;79;2021-01-17;32;727
53;79;2021-01-18;766;1493
53;79;2021-01-19;1071;2564
53;79;2021-01-20;1033;3597
53;79;2021-01-21;1256;4853
53;79;2021-01-22;1268;6121
53;79;2021-01-23;400;6521
53;79;2021-01-24;68;6589
53;79;2021-01-25;793;7382
53;79;2021-01-26;1101;8483
53;79;2021-01-27;1251;9734
53;80;2021-01-04;27;27
53;80;2021-01-05;96;123
53;80;2021-01-06;87;210
53;80;2021-01-07;116;326
53;80;2021-01-08;103;429
53;80;2021-01-09;4;433
53;80;2021-01-11;332;765
53;80;2021-01-12;1004;1769
53;80;2021-01-13;1032;2801
53;80;2021-01-14;782;3583
53;80;2021-01-15;566;4149
53;80;2021-01-16;50;4199
53;80;2021-01-17;35;4234
53;80;2021-01-18;1160;5394
53;80;2021-01-19;4308;9702
53;80;2021-01-20;3487;13189
53;80;2021-01-21;5352;18541
53;80;2021-01-22;3346;21887
53;80;2021-01-23;701;22588
53;80;2021-01-24;92;22680
53;80;2021-01-25;1287;23967
53;80;2021-01-26;1751;25718
53;80;2021-01-27;3544;29262
75;0;2020-12-29;2;2
75;0;2021-01-04;85;87
75;0;2021-01-05;90;177
75;0;2021-01-06;703;880
75;0;2021-01-07;4635;5515
75;0;2021-01-08;5028;10543
75;0;2021-01-09;826;11369
75;0;2021-01-10;473;11842
75;0;2021-01-11;3235;15077
75;0;2021-01-12;5591;20668
75;0;2021-01-13;6123;26791
75;0;2021-01-14;7529;34320
75;0;2021-01-15;6804;41124
75;0;2021-01-16;1473;42597
75;0;2021-01-17;405;43002
75;0;2021-01-18;6384;49386
75;0;2021-01-19;13201;62587
75;0;2021-01-20;14289;76876
75;0;2021-01-21;15821;92697
75;0;2021-01-22;12295;104992
75;0;2021-01-23;4302;109294
75;0;2021-01-24;672;109966
75;0;2021-01-25;8540;118506
75;0;2021-01-26;10658;129164
75;0;2021-01-27;11107;140271
75;24;2021-01-06;1;1
75;24;2021-01-07;5;6
75;24;2021-01-08;14;20
75;24;2021-01-09;2;22
75;24;2021-01-10;4;26
75;24;2021-01-11;14;40
75;24;2021-01-12;10;50
75;24;2021-01-13;15;65
75;24;2021-01-14;35;100
75;24;2021-01-15;32;132
75;24;2021-01-16;4;136
75;24;2021-01-17;1;137
75;24;2021-01-18;9;146
75;24;2021-01-19;44;190
75;24;2021-01-20;50;240
75;24;2021-01-21;51;291
75;24;2021-01-22;33;324
75;24;2021-01-23;9;333
75;24;2021-01-24;1;334
75;24;2021-01-25;17;351
75;24;2021-01-26;24;375
75;24;2021-01-27;30;405
75;29;2021-01-04;1;1
75;29;2021-01-06;8;9
75;29;2021-01-07;18;27
75;29;2021-01-08;43;70
75;29;2021-01-09;4;74
75;29;2021-01-10;2;76
75;29;2021-01-11;31;107
75;29;2021-01-12;34;141
75;29;2021-01-13;54;195
75;29;2021-01-14;90;285
75;29;2021-01-15;85;370
75;29;2021-01-16;7;377
75;29;2021-01-18;55;432
75;29;2021-01-19;86;518
75;29;2021-01-20;115;633
75;29;2021-01-21;113;746
75;29;2021-01-22;74;820
75;29;2021-01-23;17;837
75;29;2021-01-24;3;840
75;29;2021-01-25;32;872
75;29;2021-01-26;50;922
75;29;2021-01-27;53;975
75;39;2021-01-04;2;2
75;39;2021-01-05;2;4
75;39;2021-01-06;26;30
75;39;2021-01-07;108;138
75;39;2021-01-08;165;303
75;39;2021-01-09;27;330
75;39;2021-01-10;14;344
75;39;2021-01-11;125;469
75;39;2021-01-12;216;685
75;39;2021-01-13;178;863
75;39;2021-01-14;333;1196
75;39;2021-01-15;302;1498
75;39;2021-01-16;42;1540
75;39;2021-01-17;5;1545
75;39;2021-01-18;184;1729
75;39;2021-01-19;408;2137
75;39;2021-01-20;413;2550
75;39;2021-01-21;445;2995
75;39;2021-01-22;285;3280
75;39;2021-01-23;60;3340
75;39;2021-01-24;8;3348
75;39;2021-01-25;115;3463
75;39;2021-01-26;174;3637
75;39;2021-01-27;198;3835
75;49;2021-01-04;10;10
75;49;2021-01-05;6;16
75;49;2021-01-06;46;62
75;49;2021-01-07;235;297
75;49;2021-01-08;390;687
75;49;2021-01-09;51;738
75;49;2021-01-10;36;774
75;49;2021-01-11;284;1058
75;49;2021-01-12;325;1383
75;49;2021-01-13;405;1788
75;49;2021-01-14;639;2427
75;49;2021-01-15;644;3071
75;49;2021-01-16;100;3171
75;49;2021-01-17;10;3181
75;49;2021-01-18;304;3485
75;49;2021-01-19;637;4122
75;49;2021-01-20;599;4721
75;49;2021-01-21;764;5485
75;49;2021-01-22;526;6011
75;49;2021-01-23;111;6122
75;49;2021-01-24;5;6127
75;49;2021-01-25;155;6282
75;49;2021-01-26;304;6586
75;49;2021-01-27;316;6902
75;59;2021-01-04;41;41
75;59;2021-01-05;27;68
75;59;2021-01-06;291;359
75;59;2021-01-07;1671;2030
75;59;2021-01-08;1944;3974
75;59;2021-01-09;288;4262
75;59;2021-01-10;135;4397
75;59;2021-01-11;1376;5773
75;59;2021-01-12;1861;7634
75;59;2021-01-13;2114;9748
75;59;2021-01-14;2415;12163
75;59;2021-01-15;2203;14366
75;59;2021-01-16;380;14746
75;59;2021-01-17;63;14809
75;59;2021-01-18;1295;16104
75;59;2021-01-19;1748;17852
75;59;2021-01-20;1607;19459
75;59;2021-01-21;1624;21083
75;59;2021-01-22;1196;22279
75;59;2021-01-23;292;22571
75;59;2021-01-24;20;22591
75;59;2021-01-25;522;23113
75;59;2021-01-26;687;23800
75;59;2021-01-27;752;24552
75;64;2021-01-04;17;17
75;64;2021-01-05;12;29
75;64;2021-01-06;133;162
75;64;2021-01-07;673;835
75;64;2021-01-08;707;1542
75;64;2021-01-09;141;1683
75;64;2021-01-10;61;1744
75;64;2021-01-11;515;2259
75;64;2021-01-12;729;2988
75;64;2021-01-13;828;3816
75;64;2021-01-14;921;4737
75;64;2021-01-15;841;5578
75;64;2021-01-16;158;5736
75;64;2021-01-17;33;5769
75;64;2021-01-18;475;6244
75;64;2021-01-19;654;6898
75;64;2021-01-20;612;7510
75;64;2021-01-21;674;8184
75;64;2021-01-22;536;8720
75;64;2021-01-23;140;8860
75;64;2021-01-24;15;8875
75;64;2021-01-25;271;9146
75;64;2021-01-26;317;9463
75;64;2021-01-27;382;9845
75;69;2021-01-04;4;4
75;69;2021-01-05;6;10
75;69;2021-01-06;38;48
75;69;2021-01-07;324;372
75;69;2021-01-08;338;710
75;69;2021-01-09;64;774
75;69;2021-01-10;44;818
75;69;2021-01-11;263;1081
75;69;2021-01-12;333;1414
75;69;2021-01-13;393;1807
75;69;2021-01-14;447;2254
75;69;2021-01-15;379;2633
75;69;2021-01-16;83;2716
75;69;2021-01-17;19;2735
75;69;2021-01-18;262;2997
75;69;2021-01-19;468;3465
75;69;2021-01-20;485;3950
75;69;2021-01-21;528;4478
75;69;2021-01-22;424;4902
75;69;2021-01-23;126;5028
75;69;2021-01-24;12;5040
75;69;2021-01-25;231;5271
75;69;2021-01-26;252;5523
75;69;2021-01-27;357;5880
75;74;2021-01-04;2;2
75;74;2021-01-05;9;11
75;74;2021-01-06;19;30
75;74;2021-01-07;216;246
75;74;2021-01-08;245;491
75;74;2021-01-09;50;541
75;74;2021-01-10;27;568
75;74;2021-01-11;173;741
75;74;2021-01-12;320;1061
75;74;2021-01-13;318;1379
75;74;2021-01-14;363;1742
75;74;2021-01-15;370;2112
75;74;2021-01-16;64;2176
75;74;2021-01-17;12;2188
75;74;2021-01-18;291;2479
75;74;2021-01-19;530;3009
75;74;2021-01-20;597;3606
75;74;2021-01-21;706;4312
75;74;2021-01-22;575;4887
75;74;2021-01-23;173;5060
75;74;2021-01-24;17;5077
75;74;2021-01-25;369;5446
75;74;2021-01-26;439;5885
75;74;2021-01-27;474;6359
75;79;2020-12-29;1;1
75;79;2021-01-04;1;2
75;79;2021-01-05;7;9
75;79;2021-01-06;10;19
75;79;2021-01-07;158;177
75;79;2021-01-08;153;330
75;79;2021-01-09;27;357
75;79;2021-01-10;20;377
75;79;2021-01-11;66;443
75;79;2021-01-12;207;650
75;79;2021-01-13;239;889
75;79;2021-01-14;324;1213
75;79;2021-01-15;437;1650
75;79;2021-01-16;247;1897
75;79;2021-01-17;95;1992
75;79;2021-01-18;1255;3247
75;79;2021-01-19;2339;5586
75;79;2021-01-20;2727;8313
75;79;2021-01-21;3023;11336
75;79;2021-01-22;2790;14126
75;79;2021-01-23;1261;15387
75;79;2021-01-24;247;15634
75;79;2021-01-25;2533;18167
75;79;2021-01-26;2763;20930
75;79;2021-01-27;2629;23559
75;80;2020-12-29;1;1
75;80;2021-01-04;7;8
75;80;2021-01-05;21;29
75;80;2021-01-06;131;160
75;80;2021-01-07;1226;1386
75;80;2021-01-08;1029;2415
75;80;2021-01-09;172;2587
75;80;2021-01-10;130;2717
75;80;2021-01-11;388;3105
75;80;2021-01-12;1556;4661
75;80;2021-01-13;1579;6240
75;80;2021-01-14;1961;8201
75;80;2021-01-15;1510;9711
75;80;2021-01-16;386;10097
75;80;2021-01-17;167;10264
75;80;2021-01-18;2253;12517
75;80;2021-01-19;6287;18804
75;80;2021-01-20;7083;25887
75;80;2021-01-21;7892;33779
75;80;2021-01-22;5854;39633
75;80;2021-01-23;2113;41746
75;80;2021-01-24;344;42090
75;80;2021-01-25;4295;46385
75;80;2021-01-26;5646;52031
75;80;2021-01-27;5915;57946
76;0;2020-12-31;1;1
76;0;2021-01-03;1;2
76;0;2021-01-04;58;60
76;0;2021-01-05;461;521
76;0;2021-01-06;757;1278
76;0;2021-01-07;2423;3701
76;0;2021-01-08;3015;6716
76;0;2021-01-09;1459;8175
76;0;2021-01-10;461;8636
76;0;2021-01-11;3238;11874
76;0;2021-01-12;5215;17089
76;0;2021-01-13;5918;23007
76;0;2021-01-14;8284;31291
76;0;2021-01-15;6613;37904
76;0;2021-01-16;1854;39758
76;0;2021-01-17;664;40422
76;0;2021-01-18;7194;47616
76;0;2021-01-19;10541;58157
76;0;2021-01-20;12881;71038
76;0;2021-01-21;15399;86437
76;0;2021-01-22;11050;97487
76;0;2021-01-23;3797;101284
76;0;2021-01-24;707;101991
76;0;2021-01-25;7485;109476
76;0;2021-01-26;9188;118664
76;0;2021-01-27;9586;128250
76;24;2021-01-07;9;9
76;24;2021-01-08;11;20
76;24;2021-01-09;4;24
76;24;2021-01-10;4;28
76;24;2021-01-11;9;37
76;24;2021-01-12;33;70
76;24;2021-01-13;30;100
76;24;2021-01-14;29;129
76;24;2021-01-15;31;160
76;24;2021-01-16;8;168
76;24;2021-01-17;5;173
76;24;2021-01-18;18;191
76;24;2021-01-19;38;229
76;24;2021-01-20;57;286
76;24;2021-01-21;44;330
76;24;2021-01-22;50;380
76;24;2021-01-23;24;404
76;24;2021-01-24;1;405
76;24;2021-01-25;47;452
76;24;2021-01-26;34;486
76;24;2021-01-27;35;521
76;29;2021-01-05;1;1
76;29;2021-01-06;17;18
76;29;2021-01-07;17;35
76;29;2021-01-08;51;86
76;29;2021-01-09;27;113
76;29;2021-01-10;25;138
76;29;2021-01-11;56;194
76;29;2021-01-12;94;288
76;29;2021-01-13;115;403
76;29;2021-01-14;139;542
76;29;2021-01-15;122;664
76;29;2021-01-16;12;676
76;29;2021-01-17;23;699
76;29;2021-01-18;80;779
76;29;2021-01-19;80;859
76;29;2021-01-20;150;1009
76;29;2021-01-21;145;1154
76;29;2021-01-22;112;1266
76;29;2021-01-23;33;1299
76;29;2021-01-24;4;1303
76;29;2021-01-25;53;1356
76;29;2021-01-26;68;1424
76;29;2021-01-27;76;1500
76;39;2021-01-04;1;1
76;39;2021-01-05;9;10
76;39;2021-01-06;34;44
76;39;2021-01-07;94;138
76;39;2021-01-08;144;282
76;39;2021-01-09;71;353
76;39;2021-01-10;40;393
76;39;2021-01-11;160;553
76;39;2021-01-12;292;845
76;39;2021-01-13;302;1147
76;39;2021-01-14;438;1585
76;39;2021-01-15;385;1970
76;39;2021-01-16;81;2051
76;39;2021-01-17;59;2110
76;39;2021-01-18;268;2378
76;39;2021-01-19;328;2706
76;39;2021-01-20;405;3111
76;39;2021-01-21;491;3602
76;39;2021-01-22;375;3977
76;39;2021-01-23;76;4053
76;39;2021-01-24;10;4063
76;39;2021-01-25;157;4220
76;39;2021-01-26;198;4418
76;39;2021-01-27;222;4640
76;49;2021-01-03;1;1
76;49;2021-01-05;16;17
76;49;2021-01-06;43;60
76;49;2021-01-07;142;202
76;49;2021-01-08;233;435
76;49;2021-01-09;162;597
76;49;2021-01-10;70;667
76;49;2021-01-11;277;944
76;49;2021-01-12;559;1503
76;49;2021-01-13;511;2014
76;49;2021-01-14;741;2755
76;49;2021-01-15;717;3472
76;49;2021-01-16;151;3623
76;49;2021-01-17;70;3693
76;49;2021-01-18;417;4110
76;49;2021-01-19;545;4655
76;49;2021-01-20;710;5365
76;49;2021-01-21;802;6167
76;49;2021-01-22;618;6785
76;49;2021-01-23;114;6899
76;49;2021-01-24;26;6925
76;49;2021-01-25;297;7222
76;49;2021-01-26;346;7568
76;49;2021-01-27;365;7933
76;59;2021-01-04;15;15
76;59;2021-01-05;147;162
76;59;2021-01-06;356;518
76;59;2021-01-07;626;1144
76;59;2021-01-08;1114;2258
76;59;2021-01-09;510;2768
76;59;2021-01-10;133;2901
76;59;2021-01-11;1301;4202
76;59;2021-01-12;1650;5852
76;59;2021-01-13;1894;7746
76;59;2021-01-14;2173;9919
76;59;2021-01-15;1938;11857
76;59;2021-01-16;469;12326
76;59;2021-01-17;156;12482
76;59;2021-01-18;1097;13579
76;59;2021-01-19;1505;15084
76;59;2021-01-20;1657;16741
76;59;2021-01-21;1732;18473
76;59;2021-01-22;1331;19804
76;59;2021-01-23;364;20168
76;59;2021-01-24;85;20253
76;59;2021-01-25;590;20843
76;59;2021-01-26;783;21626
76;59;2021-01-27;843;22469
76;64;2021-01-04;9;9
76;64;2021-01-05;68;77
76;64;2021-01-06;131;208
76;64;2021-01-07;231;439
76;64;2021-01-08;471;910
76;64;2021-01-09;262;1172
76;64;2021-01-10;74;1246
76;64;2021-01-11;470;1716
76;64;2021-01-12;666;2382
76;64;2021-01-13;831;3213
76;64;2021-01-14;936;4149
76;64;2021-01-15;787;4936
76;64;2021-01-16;223;5159
76;64;2021-01-17;67;5226
76;64;2021-01-18;451;5677
76;64;2021-01-19;635;6312
76;64;2021-01-20;703;7015
76;64;2021-01-21;790;7805
76;64;2021-01-22;631;8436
76;64;2021-01-23;179;8615
76;64;2021-01-24;48;8663
76;64;2021-01-25;296;8959
76;64;2021-01-26;385;9344
76;64;2021-01-27;397;9741
76;69;2021-01-04;4;4
76;69;2021-01-05;34;38
76;69;2021-01-06;62;100
76;69;2021-01-07;131;231
76;69;2021-01-08;218;449
76;69;2021-01-09;164;613
76;69;2021-01-10;48;661
76;69;2021-01-11;245;906
76;69;2021-01-12;386;1292
76;69;2021-01-13;377;1669
76;69;2021-01-14;486;2155
76;69;2021-01-15;427;2582
76;69;2021-01-16;159;2741
76;69;2021-01-17;48;2789
76;69;2021-01-18;270;3059
76;69;2021-01-19;412;3471
76;69;2021-01-20;480;3951
76;69;2021-01-21;607;4558
76;69;2021-01-22;433;4991
76;69;2021-01-23;147;5138
76;69;2021-01-24;40;5178
76;69;2021-01-25;274;5452
76;69;2021-01-26;360;5812
76;69;2021-01-27;366;6178
76;74;2021-01-04;1;1
76;74;2021-01-05;37;38
76;74;2021-01-06;35;73
76;74;2021-01-07;102;175
76;74;2021-01-08;165;340
76;74;2021-01-09;119;459
76;74;2021-01-10;42;501
76;74;2021-01-11;193;694
76;74;2021-01-12;299;993
76;74;2021-01-13;354;1347
76;74;2021-01-14;422;1769
76;74;2021-01-15;338;2107
76;74;2021-01-16;131;2238
76;74;2021-01-17;39;2277
76;74;2021-01-18;371;2648
76;74;2021-01-19;494;3142
76;74;2021-01-20;606;3748
76;74;2021-01-21;757;4505
76;74;2021-01-22;570;5075
76;74;2021-01-23;189;5264
76;74;2021-01-24;46;5310
76;74;2021-01-25;386;5696
76;74;2021-01-26;511;6207
76;74;2021-01-27;440;6647
76;79;2021-01-04;3;3
76;79;2021-01-05;23;26
76;79;2021-01-06;15;41
76;79;2021-01-07;98;139
76;79;2021-01-08;111;250
76;79;2021-01-09;65;315
76;79;2021-01-10;11;326
76;79;2021-01-11;143;469
76;79;2021-01-12;250;719
76;79;2021-01-13;319;1038
76;79;2021-01-14;427;1465
76;79;2021-01-15;467;1932
76;79;2021-01-16;254;2186
76;79;2021-01-17;93;2279
76;79;2021-01-18;1775;4054
76;79;2021-01-19;2122;6176
76;79;2021-01-20;2304;8480
76;79;2021-01-21;2646;11126
76;79;2021-01-22;2323;13449
76;79;2021-01-23;1067;14516
76;79;2021-01-24;161;14677
76;79;2021-01-25;2131;16808
76;79;2021-01-26;2325;19133
76;79;2021-01-27;2295;21428
76;80;2020-12-31;1;1
76;80;2021-01-04;25;26
76;80;2021-01-05;126;152
76;80;2021-01-06;64;216
76;80;2021-01-07;973;1189
76;80;2021-01-08;497;1686
76;80;2021-01-09;74;1760
76;80;2021-01-10;14;1774
76;80;2021-01-11;384;2158
76;80;2021-01-12;985;3143
76;80;2021-01-13;1183;4326
76;80;2021-01-14;2485;6811
76;80;2021-01-15;1398;8209
76;80;2021-01-16;366;8575
76;80;2021-01-17;104;8679
76;80;2021-01-18;2447;11126
76;80;2021-01-19;4379;15505
76;80;2021-01-20;5809;21314
76;80;2021-01-21;7384;28698
76;80;2021-01-22;4604;33302
76;80;2021-01-23;1594;34896
76;80;2021-01-24;286;35182
76;80;2021-01-25;3254;38436
76;80;2021-01-26;4177;42613
76;80;2021-01-27;4547;47160
84;0;2020-12-28;6;6
84;0;2020-12-29;5;11
84;0;2020-12-30;5;16
84;0;2020-12-31;11;27
84;0;2021-01-02;1;28
84;0;2021-01-04;172;200
84;0;2021-01-05;422;622
84;0;2021-01-06;1045;1667
84;0;2021-01-07;2543;4210
84;0;2021-01-08;2779;6989
84;0;2021-01-09;465;7454
84;0;2021-01-10;152;7606
84;0;2021-01-11;3796;11402
84;0;2021-01-12;5589;16991
84;0;2021-01-13;6410;23401
84;0;2021-01-14;7966;31367
84;0;2021-01-15;6554;37921
84;0;2021-01-16;2743;40664
84;0;2021-01-17;870;41534
84;0;2021-01-18;8095;49629
84;0;2021-01-19;13112;62741
84;0;2021-01-20;14074;76815
84;0;2021-01-21;12939;89754
84;0;2021-01-22;11061;100815
84;0;2021-01-23;4616;105431
84;0;2021-01-24;798;106229
84;0;2021-01-25;7683;113912
84;0;2021-01-26;10464;124376
84;0;2021-01-27;10403;134779
84;24;2021-01-05;1;1
84;24;2021-01-06;3;4
84;24;2021-01-07;9;13
84;24;2021-01-08;9;22
84;24;2021-01-09;2;24
84;24;2021-01-10;2;26
84;24;2021-01-11;23;49
84;24;2021-01-12;20;69
84;24;2021-01-13;35;104
84;24;2021-01-14;35;139
84;24;2021-01-15;45;184
84;24;2021-01-16;14;198
84;24;2021-01-17;6;204
84;24;2021-01-18;38;242
84;24;2021-01-19;45;287
84;24;2021-01-20;55;342
84;24;2021-01-21;37;379
84;24;2021-01-22;30;409
84;24;2021-01-23;3;412
84;24;2021-01-24;2;414
84;24;2021-01-25;15;429
84;24;2021-01-26;19;448
84;24;2021-01-27;29;477
84;29;2021-01-05;3;3
84;29;2021-01-06;5;8
84;29;2021-01-07;16;24
84;29;2021-01-08;15;39
84;29;2021-01-09;1;40
84;29;2021-01-10;1;41
84;29;2021-01-11;47;88
84;29;2021-01-12;60;148
84;29;2021-01-13;147;295
84;29;2021-01-14;153;448
84;29;2021-01-15;115;563
84;29;2021-01-16;23;586
84;29;2021-01-17;8;594
84;29;2021-01-18;127;721
84;29;2021-01-19;87;808
84;29;2021-01-20;120;928
84;29;2021-01-21;103;1031
84;29;2021-01-22;89;1120
84;29;2021-01-23;11;1131
84;29;2021-01-24;1;1132
84;29;2021-01-25;33;1165
84;29;2021-01-26;44;1209
84;29;2021-01-27;55;1264
84;39;2021-01-04;5;5
84;39;2021-01-05;4;9
84;39;2021-01-06;21;30
84;39;2021-01-07;75;105
84;39;2021-01-08;80;185
84;39;2021-01-09;6;191
84;39;2021-01-10;8;199
84;39;2021-01-11;242;441
84;39;2021-01-12;287;728
84;39;2021-01-13;403;1131
84;39;2021-01-14;487;1618
84;39;2021-01-15;402;2020
84;39;2021-01-16;74;2094
84;39;2021-01-17;26;2120
84;39;2021-01-18;274;2394
84;39;2021-01-19;323;2717
84;39;2021-01-20;396;3113
84;39;2021-01-21;359;3472
84;39;2021-01-22;287;3759
84;39;2021-01-23;53;3812
84;39;2021-01-24;5;3817
84;39;2021-01-25;112;3929
84;39;2021-01-26;168;4097
84;39;2021-01-27;138;4235
84;49;2021-01-04;13;13
84;49;2021-01-05;22;35
84;49;2021-01-06;49;84
84;49;2021-01-07;132;216
84;49;2021-01-08;157;373
84;49;2021-01-09;14;387
84;49;2021-01-10;5;392
84;49;2021-01-11;352;744
84;49;2021-01-12;503;1247
84;49;2021-01-13;568;1815
84;49;2021-01-14;813;2628
84;49;2021-01-15;703;3331
84;49;2021-01-16;122;3453
84;49;2021-01-17;36;3489
84;49;2021-01-18;444;3933
84;49;2021-01-19;559;4492
84;49;2021-01-20;637;5129
84;49;2021-01-21;615;5744
84;49;2021-01-22;445;6189
84;49;2021-01-23;87;6276
84;49;2021-01-24;8;6284
84;49;2021-01-25;190;6474
84;49;2021-01-26;307;6781
84;49;2021-01-27;277;7058
84;59;2021-01-02;1;1
84;59;2021-01-04;58;59
84;59;2021-01-05;159;218
84;59;2021-01-06;404;622
84;59;2021-01-07;981;1603
84;59;2021-01-08;1124;2727
84;59;2021-01-09;138;2865
84;59;2021-01-10;52;2917
84;59;2021-01-11;1559;4476
84;59;2021-01-12;2139;6615
84;59;2021-01-13;2530;9145
84;59;2021-01-14;2535;11680
84;59;2021-01-15;1954;13634
84;59;2021-01-16;705;14339
84;59;2021-01-17;244;14583
84;59;2021-01-18;1202;15785
84;59;2021-01-19;1596;17381
84;59;2021-01-20;1630;19011
84;59;2021-01-21;1391;20402
84;59;2021-01-22;1167;21569
84;59;2021-01-23;261;21830
84;59;2021-01-24;55;21885
84;59;2021-01-25;533;22418
84;59;2021-01-26;756;23174
84;59;2021-01-27;698;23872
84;64;2020-12-31;1;1
84;64;2021-01-04;28;29
84;64;2021-01-05;93;122
84;64;2021-01-06;191;313
84;64;2021-01-07;395;708
84;64;2021-01-08;481;1189
84;64;2021-01-09;84;1273
84;64;2021-01-10;33;1306
84;64;2021-01-11;628;1934
84;64;2021-01-12;876;2810
84;64;2021-01-13;943;3753
84;64;2021-01-14;1033;4786
84;64;2021-01-15;743;5529
84;64;2021-01-16;285;5814
84;64;2021-01-17;107;5921
84;64;2021-01-18;509;6430
84;64;2021-01-19;676;7106
84;64;2021-01-20;650;7756
84;64;2021-01-21;571;8327
84;64;2021-01-22;501;8828
84;64;2021-01-23;147;8975
84;64;2021-01-24;23;8998
84;64;2021-01-25;274;9272
84;64;2021-01-26;358;9630
84;64;2021-01-27;306;9936
84;69;2021-01-04;7;7
84;69;2021-01-05;50;57
84;69;2021-01-06;81;138
84;69;2021-01-07;189;327
84;69;2021-01-08;242;569
84;69;2021-01-09;62;631
84;69;2021-01-10;25;656
84;69;2021-01-11;295;951
84;69;2021-01-12;387;1338
84;69;2021-01-13;379;1717
84;69;2021-01-14;519;2236
84;69;2021-01-15;339;2575
84;69;2021-01-16;185;2760
84;69;2021-01-17;85;2845
84;69;2021-01-18;259;3104
84;69;2021-01-19;468;3572
84;69;2021-01-20;367;3939
84;69;2021-01-21;399;4338
84;69;2021-01-22;352;4690
84;69;2021-01-23;106;4796
84;69;2021-01-24;13;4809
84;69;2021-01-25;231;5040
84;69;2021-01-26;312;5352
84;69;2021-01-27;271;5623
84;74;2020-12-29;1;1
84;74;2020-12-31;3;4
84;74;2021-01-04;13;17
84;74;2021-01-05;16;33
84;74;2021-01-06;41;74
84;74;2021-01-07;112;186
84;74;2021-01-08;139;325
84;74;2021-01-09;33;358
84;74;2021-01-10;16;374
84;74;2021-01-11;200;574
84;74;2021-01-12;254;828
84;74;2021-01-13;285;1113
84;74;2021-01-14;367;1480
84;74;2021-01-15;290;1770
84;74;2021-01-16;156;1926
84;74;2021-01-17;73;1999
84;74;2021-01-18;300;2299
84;74;2021-01-19;555;2854
84;74;2021-01-20;524;3378
84;74;2021-01-21;524;3902
84;74;2021-01-22;470;4372
84;74;2021-01-23;181;4553
84;74;2021-01-24;30;4583
84;74;2021-01-25;335;4918
84;74;2021-01-26;409;5327
84;74;2021-01-27;434;5761
84;79;2020-12-28;1;1
84;79;2020-12-31;2;3
84;79;2021-01-04;5;8
84;79;2021-01-05;8;16
84;79;2021-01-06;48;64
84;79;2021-01-07;76;140
84;79;2021-01-08;102;242
84;79;2021-01-09;28;270
84;79;2021-01-10;10;280
84;79;2021-01-11;99;379
84;79;2021-01-12;182;561
84;79;2021-01-13;245;806
84;79;2021-01-14;488;1294
84;79;2021-01-15;662;1956
84;79;2021-01-16;463;2419
84;79;2021-01-17;124;2543
84;79;2021-01-18;1958;4501
84;79;2021-01-19;2602;7103
84;79;2021-01-20;2920;10023
84;79;2021-01-21;2830;12853
84;79;2021-01-22;2754;15607
84;79;2021-01-23;1455;17062
84;79;2021-01-24;276;17338
84;79;2021-01-25;2316;19654
84;79;2021-01-26;2820;22474
84;79;2021-01-27;2694;25168
84;80;2020-12-28;5;5
84;80;2020-12-29;4;9
84;80;2020-12-30;5;14
84;80;2020-12-31;5;19
84;80;2021-01-04;43;62
84;80;2021-01-05;66;128
84;80;2021-01-06;201;329
84;80;2021-01-07;558;887
84;80;2021-01-08;430;1317
84;80;2021-01-09;97;1414
84;80;2021-01-11;351;1765
84;80;2021-01-12;880;2645
84;80;2021-01-13;874;3519
84;80;2021-01-14;1535;5054
84;80;2021-01-15;1298;6352
84;80;2021-01-16;716;7068
84;80;2021-01-17;161;7229
84;80;2021-01-18;2984;10213
84;80;2021-01-19;6201;16414
84;80;2021-01-20;6774;23188
84;80;2021-01-21;6110;29298
84;80;2021-01-22;4966;34264
84;80;2021-01-23;2312;36576
84;80;2021-01-24;385;36961
84;80;2021-01-25;3643;40604
84;80;2021-01-26;5271;45875
84;80;2021-01-27;5497;51372
93;0;2020-12-31;19;19
93;0;2021-01-04;115;134
93;0;2021-01-05;215;349
93;0;2021-01-06;356;705
93;0;2021-01-07;1109;1814
93;0;2021-01-08;1141;2955
93;0;2021-01-09;234;3189
93;0;2021-01-10;2;3191
93;0;2021-01-11;1675;4866
93;0;2021-01-12;4267;9133
93;0;2021-01-13;3736;12869
93;0;2021-01-14;4261;17130
93;0;2021-01-15;3599;20729
93;0;2021-01-16;1151;21880
93;0;2021-01-17;96;21976
93;0;2021-01-18;5278;27254
93;0;2021-01-19;11233;38487
93;0;2021-01-20;9573;48060
93;0;2021-01-21;9945;58005
93;0;2021-01-22;8228;66233
93;0;2021-01-23;2446;68679
93;0;2021-01-24;504;69183
93;0;2021-01-25;5928;75111
93;0;2021-01-26;7892;83003
93;0;2021-01-27;7597;90600
93;24;2021-01-08;3;3
93;24;2021-01-11;2;5
93;24;2021-01-12;14;19
93;24;2021-01-13;13;32
93;24;2021-01-14;23;55
93;24;2021-01-15;20;75
93;24;2021-01-16;2;77
93;24;2021-01-18;27;104
93;24;2021-01-19;36;140
93;24;2021-01-20;36;176
93;24;2021-01-21;55;231
93;24;2021-01-22;47;278
93;24;2021-01-23;3;281
93;24;2021-01-24;1;282
93;24;2021-01-25;29;311
93;24;2021-01-26;24;335
93;24;2021-01-27;49;384
93;29;2021-01-05;3;3
93;29;2021-01-06;4;7
93;29;2021-01-07;7;14
93;29;2021-01-08;22;36
93;29;2021-01-09;2;38
93;29;2021-01-11;13;51
93;29;2021-01-12;48;99
93;29;2021-01-13;65;164
93;29;2021-01-14;90;254
93;29;2021-01-15;77;331
93;29;2021-01-16;4;335
93;29;2021-01-18;76;411
93;29;2021-01-19;121;532
93;29;2021-01-20;96;628
93;29;2021-01-21;133;761
93;29;2021-01-22;101;862
93;29;2021-01-23;13;875
93;29;2021-01-25;84;959
93;29;2021-01-26;77;1036
93;29;2021-01-27;80;1116
93;39;2020-12-31;1;1
93;39;2021-01-04;4;5
93;39;2021-01-05;2;7
93;39;2021-01-06;13;20
93;39;2021-01-07;25;45
93;39;2021-01-08;55;100
93;39;2021-01-09;10;110
93;39;2021-01-11;62;172
93;39;2021-01-12;204;376
93;39;2021-01-13;187;563
93;39;2021-01-14;275;838
93;39;2021-01-15;262;1100
93;39;2021-01-16;27;1127
93;39;2021-01-17;4;1131
93;39;2021-01-18;205;1336
93;39;2021-01-19;348;1684
93;39;2021-01-20;342;2026
93;39;2021-01-21;498;2524
93;39;2021-01-22;293;2817
93;39;2021-01-23;36;2853
93;39;2021-01-24;5;2858
93;39;2021-01-25;180;3038
93;39;2021-01-26;218;3256
93;39;2021-01-27;217;3473
93;49;2021-01-04;3;3
93;49;2021-01-05;15;18
93;49;2021-01-06;19;37
93;49;2021-01-07;51;88
93;49;2021-01-08;104;192
93;49;2021-01-09;21;213
93;49;2021-01-10;1;214
93;49;2021-01-11;168;382
93;49;2021-01-12;377;759
93;49;2021-01-13;377;1136
93;49;2021-01-14;486;1622
93;49;2021-01-15;406;2028
93;49;2021-01-16;62;2090
93;49;2021-01-17;4;2094
93;49;2021-01-18;347;2441
93;49;2021-01-19;590;3031
93;49;2021-01-20;530;3561
93;49;2021-01-21;721;4282
93;49;2021-01-22;498;4780
93;49;2021-01-23;64;4844
93;49;2021-01-24;17;4861
93;49;2021-01-25;278;5139
93;49;2021-01-26;346;5485
93;49;2021-01-27;296;5781
93;59;2020-12-31;2;2
93;59;2021-01-04;37;39
93;59;2021-01-05;95;134
93;59;2021-01-06;126;260
93;59;2021-01-07;370;630
93;59;2021-01-08;414;1044
93;59;2021-01-09;60;1104
93;59;2021-01-10;1;1105
93;59;2021-01-11;538;1643
93;59;2021-01-12;1106;2749
93;59;2021-01-13;1131;3880
93;59;2021-01-14;1350;5230
93;59;2021-01-15;1241;6471
93;59;2021-01-16;294;6765
93;59;2021-01-17;8;6773
93;59;2021-01-18;899;7672
93;59;2021-01-19;1397;9069
93;59;2021-01-20;1412;10481
93;59;2021-01-21;1327;11808
93;59;2021-01-22;1009;12817
93;59;2021-01-23;217;13034
93;59;2021-01-24;35;13069
93;59;2021-01-25;593;13662
93;59;2021-01-26;738;14400
93;59;2021-01-27;704;15104
93;64;2020-12-31;1;1
93;64;2021-01-04;25;26
93;64;2021-01-05;54;80
93;64;2021-01-06;72;152
93;64;2021-01-07;188;340
93;64;2021-01-08;164;504
93;64;2021-01-09;35;539
93;64;2021-01-11;273;812
93;64;2021-01-12;545;1357
93;64;2021-01-13;575;1932
93;64;2021-01-14;643;2575
93;64;2021-01-15;527;3102
93;64;2021-01-16;186;3288
93;64;2021-01-17;9;3297
93;64;2021-01-18;442;3739
93;64;2021-01-19;750;4489
93;64;2021-01-20;666;5155
93;64;2021-01-21;659;5814
93;64;2021-01-22;537;6351
93;64;2021-01-23;134;6485
93;64;2021-01-24;17;6502
93;64;2021-01-25;325;6827
93;64;2021-01-26;401;7228
93;64;2021-01-27;363;7591
93;69;2020-12-31;1;1
93;69;2021-01-04;11;12
93;69;2021-01-05;24;36
93;69;2021-01-06;27;63
93;69;2021-01-07;93;156
93;69;2021-01-08;72;228
93;69;2021-01-09;31;259
93;69;2021-01-11;170;429
93;69;2021-01-12;310;739
93;69;2021-01-13;343;1082
93;69;2021-01-14;331;1413
93;69;2021-01-15;299;1712
93;69;2021-01-16;116;1828
93;69;2021-01-17;6;1834
93;69;2021-01-18;309;2143
93;69;2021-01-19;529;2672
93;69;2021-01-20;475;3147
93;69;2021-01-21;485;3632
93;69;2021-01-22;412;4044
93;69;2021-01-23;115;4159
93;69;2021-01-24;17;4176
93;69;2021-01-25;276;4452
93;69;2021-01-26;277;4729
93;69;2021-01-27;304;5033
93;74;2020-12-31;2;2
93;74;2021-01-04;2;4
93;74;2021-01-05;9;13
93;74;2021-01-06;13;26
93;74;2021-01-07;63;89
93;74;2021-01-08;35;124
93;74;2021-01-09;19;143
93;74;2021-01-11;112;255
93;74;2021-01-12;196;451
93;74;2021-01-13;216;667
93;74;2021-01-14;203;870
93;74;2021-01-15;198;1068
93;74;2021-01-16;80;1148
93;74;2021-01-17;5;1153
93;74;2021-01-18;250;1403
93;74;2021-01-19;587;1990
93;74;2021-01-20;511;2501
93;74;2021-01-21;559;3060
93;74;2021-01-22;497;3557
93;74;2021-01-23;150;3707
93;74;2021-01-24;35;3742
93;74;2021-01-25;357;4099
93;74;2021-01-26;423;4522
93;74;2021-01-27;404;4926
93;79;2021-01-04;4;4
93;79;2021-01-06;11;15
93;79;2021-01-07;34;49
93;79;2021-01-08;30;79
93;79;2021-01-09;17;96
93;79;2021-01-11;63;159
93;79;2021-01-12;200;359
93;79;2021-01-13;199;558
93;79;2021-01-14;216;774
93;79;2021-01-15;229;1003
93;79;2021-01-16;163;1166
93;79;2021-01-17;22;1188
93;79;2021-01-18;1015;2203
93;79;2021-01-19;1734;3937
93;79;2021-01-20;1804;5741
93;79;2021-01-21;1933;7674
93;79;2021-01-22;1911;9585
93;79;2021-01-23;676;10261
93;79;2021-01-24;141;10402
93;79;2021-01-25;1512;11914
93;79;2021-01-26;1941;13855
93;79;2021-01-27;1896;15751
93;80;2020-12-31;12;12
93;80;2021-01-04;29;41
93;80;2021-01-05;13;54
93;80;2021-01-06;71;125
93;80;2021-01-07;278;403
93;80;2021-01-08;242;645
93;80;2021-01-09;39;684
93;80;2021-01-11;274;958
93;80;2021-01-12;1267;2225
93;80;2021-01-13;630;2855
93;80;2021-01-14;644;3499
93;80;2021-01-15;339;3838
93;80;2021-01-16;217;4055
93;80;2021-01-17;38;4093
93;80;2021-01-18;1707;5800
93;80;2021-01-19;5139;10939
93;80;2021-01-20;3698;14637
93;80;2021-01-21;3574;18211
93;80;2021-01-22;2922;21133
93;80;2021-01-23;1038;22171
93;80;2021-01-24;236;22407
93;80;2021-01-25;2294;24701
93;80;2021-01-26;3445;28146
93;80;2021-01-27;3281;31427
94;0;2021-01-04;2;2
94;0;2021-01-06;53;55
94;0;2021-01-07;326;381
94;0;2021-01-08;280;661
94;0;2021-01-09;76;737
94;0;2021-01-10;33;770
94;0;2021-01-11;123;893
94;0;2021-01-12;196;1089
94;0;2021-01-13;185;1274
94;0;2021-01-14;246;1520
94;0;2021-01-15;359;1879
94;0;2021-01-16;195;2074
94;0;2021-01-17;59;2133
94;0;2021-01-18;460;2593
94;0;2021-01-19;882;3475
94;0;2021-01-20;797;4272
94;0;2021-01-21;788;5060
94;0;2021-01-22;701;5761
94;0;2021-01-23;241;6002
94;0;2021-01-24;144;6146
94;0;2021-01-25;354;6500
94;0;2021-01-26;771;7271
94;0;2021-01-27;615;7886
94;24;2021-01-13;2;2
94;24;2021-01-15;1;3
94;24;2021-01-16;2;5
94;24;2021-01-18;2;7
94;24;2021-01-19;1;8
94;24;2021-01-21;1;9
94;24;2021-01-26;2;11
94;29;2021-01-09;2;2
94;29;2021-01-11;2;4
94;29;2021-01-14;1;5
94;29;2021-01-15;3;8
94;29;2021-01-16;2;10
94;29;2021-01-18;2;12
94;29;2021-01-19;5;17
94;29;2021-01-20;1;18
94;29;2021-01-21;7;25
94;29;2021-01-22;4;29
94;29;2021-01-25;1;30
94;29;2021-01-26;4;34
94;29;2021-01-27;3;37
94;39;2021-01-08;7;7
94;39;2021-01-09;8;15
94;39;2021-01-10;6;21
94;39;2021-01-11;9;30
94;39;2021-01-12;7;37
94;39;2021-01-13;2;39
94;39;2021-01-14;4;43
94;39;2021-01-15;12;55
94;39;2021-01-16;4;59
94;39;2021-01-18;9;68
94;39;2021-01-19;23;91
94;39;2021-01-20;14;105
94;39;2021-01-21;13;118
94;39;2021-01-22;7;125
94;39;2021-01-23;4;129
94;39;2021-01-24;2;131
94;39;2021-01-25;8;139
94;39;2021-01-26;20;159
94;39;2021-01-27;2;161
94;49;2021-01-07;5;5
94;49;2021-01-08;13;18
94;49;2021-01-09;7;25
94;49;2021-01-10;5;30
94;49;2021-01-11;17;47
94;49;2021-01-12;16;63
94;49;2021-01-13;16;79
94;49;2021-01-14;27;106
94;49;2021-01-15;22;128
94;49;2021-01-16;11;139
94;49;2021-01-17;2;141
94;49;2021-01-18;34;175
94;49;2021-01-19;35;210
94;49;2021-01-20;31;241
94;49;2021-01-21;20;261
94;49;2021-01-22;27;288
94;49;2021-01-23;5;293
94;49;2021-01-24;4;297
94;49;2021-01-25;7;304
94;49;2021-01-26;24;328
94;49;2021-01-27;8;336
94;59;2021-01-04;1;1
94;59;2021-01-06;10;11
94;59;2021-01-07;58;69
94;59;2021-01-08;63;132
94;59;2021-01-09;21;153
94;59;2021-01-10;12;165
94;59;2021-01-11;51;216
94;59;2021-01-12;75;291
94;59;2021-01-13;87;378
94;59;2021-01-14;70;448
94;59;2021-01-15;102;550
94;59;2021-01-16;31;581
94;59;2021-01-17;3;584
94;59;2021-01-18;83;667
94;59;2021-01-19;77;744
94;59;2021-01-20;78;822
94;59;2021-01-21;55;877
94;59;2021-01-22;69;946
94;59;2021-01-23;10;956
94;59;2021-01-24;3;959
94;59;2021-01-25;15;974
94;59;2021-01-26;37;1011
94;59;2021-01-27;21;1032
94;64;2021-01-06;9;9
94;64;2021-01-07;44;53
94;64;2021-01-08;30;83
94;64;2021-01-09;20;103
94;64;2021-01-10;3;106
94;64;2021-01-11;20;126
94;64;2021-01-12;28;154
94;64;2021-01-13;30;184
94;64;2021-01-14;39;223
94;64;2021-01-15;40;263
94;64;2021-01-16;8;271
94;64;2021-01-17;2;273
94;64;2021-01-18;40;313
94;64;2021-01-19;58;371
94;64;2021-01-20;42;413
94;64;2021-01-21;22;435
94;64;2021-01-22;27;462
94;64;2021-01-23;6;468
94;64;2021-01-24;2;470
94;64;2021-01-25;11;481
94;64;2021-01-26;37;518
94;64;2021-01-27;15;533
94;69;2021-01-06;8;8
94;69;2021-01-07;23;31
94;69;2021-01-08;15;46
94;69;2021-01-09;9;55
94;69;2021-01-10;4;59
94;69;2021-01-11;13;72
94;69;2021-01-12;34;106
94;69;2021-01-13;14;120
94;69;2021-01-14;33;153
94;69;2021-01-15;38;191
94;69;2021-01-16;16;207
94;69;2021-01-18;22;229
94;69;2021-01-19;34;263
94;69;2021-01-20;25;288
94;69;2021-01-21;30;318
94;69;2021-01-22;28;346
94;69;2021-01-23;12;358
94;69;2021-01-24;10;368
94;69;2021-01-25;10;378
94;69;2021-01-26;34;412
94;69;2021-01-27;21;433
94;74;2021-01-06;5;5
94;74;2021-01-07;19;24
94;74;2021-01-08;20;44
94;74;2021-01-09;4;48
94;74;2021-01-10;3;51
94;74;2021-01-11;4;55
94;74;2021-01-12;24;79
94;74;2021-01-13;14;93
94;74;2021-01-14;25;118
94;74;2021-01-15;21;139
94;74;2021-01-16;14;153
94;74;2021-01-17;2;155
94;74;2021-01-18;29;184
94;74;2021-01-19;58;242
94;74;2021-01-20;50;292
94;74;2021-01-21;44;336
94;74;2021-01-22;42;378
94;74;2021-01-23;22;400
94;74;2021-01-24;13;413
94;74;2021-01-25;21;434
94;74;2021-01-26;36;470
94;74;2021-01-27;37;507
94;79;2021-01-06;2;2
94;79;2021-01-07;16;18
94;79;2021-01-08;20;38
94;79;2021-01-09;1;39
94;79;2021-01-11;4;43
94;79;2021-01-12;10;53
94;79;2021-01-13;8;61
94;79;2021-01-14;17;78
94;79;2021-01-15;27;105
94;79;2021-01-16;41;146
94;79;2021-01-17;20;166
94;79;2021-01-18;92;258
94;79;2021-01-19;191;449
94;79;2021-01-20;190;639
94;79;2021-01-21;210;849
94;79;2021-01-22;178;1027
94;79;2021-01-23;73;1100
94;79;2021-01-24;42;1142
94;79;2021-01-25;107;1249
94;79;2021-01-26;207;1456
94;79;2021-01-27;196;1652
94;80;2021-01-04;1;1
94;80;2021-01-06;19;20
94;80;2021-01-07;161;181
94;80;2021-01-08;112;293
94;80;2021-01-09;4;297
94;80;2021-01-11;3;300
94;80;2021-01-12;2;302
94;80;2021-01-13;12;314
94;80;2021-01-14;30;344
94;80;2021-01-15;93;437
94;80;2021-01-16;66;503
94;80;2021-01-17;30;533
94;80;2021-01-18;147;680
94;80;2021-01-19;400;1080
94;80;2021-01-20;366;1446
94;80;2021-01-21;386;1832
94;80;2021-01-22;319;2151
94;80;2021-01-23;109;2260
94;80;2021-01-24;68;2328
94;80;2021-01-25;174;2502
94;80;2021-01-26;370;2872
94;80;2021-01-27;312;3184
